DateKey,Date,Fiscal Year,Fiscal Quarter,Month,Full Date,MonthKey
20170701,01-07-2017,FY2018,FY2018 Q1,01-07-2017,01-07-2017,201707
20170702,02-07-2017,FY2018,FY2018 Q1,01-07-2017,02-07-2017,201707
20170703,03-07-2017,FY2018,FY2018 Q1,01-07-2017,03-07-2017,201707
20170704,04-07-2017,FY2018,FY2018 Q1,01-07-2017,04-07-2017,201707
20170705,05-07-2017,FY2018,FY2018 Q1,01-07-2017,05-07-2017,201707
20170706,06-07-2017,FY2018,FY2018 Q1,01-07-2017,06-07-2017,201707
20170707,07-07-2017,FY2018,FY2018 Q1,01-07-2017,07-07-2017,201707
20170708,08-07-2017,FY2018,FY2018 Q1,01-07-2017,08-07-2017,201707
20170709,09-07-2017,FY2018,FY2018 Q1,01-07-2017,09-07-2017,201707
20170710,10-07-2017,FY2018,FY2018 Q1,01-07-2017,10-07-2017,201707
20170711,11-07-2017,FY2018,FY2018 Q1,01-07-2017,11-07-2017,201707
20170712,12-07-2017,FY2018,FY2018 Q1,01-07-2017,12-07-2017,201707
20170713,13-07-2017,FY2018,FY2018 Q1,01-07-2017,13-07-2017,201707
20170714,14-07-2017,FY2018,FY2018 Q1,01-07-2017,14-07-2017,201707
20170715,15-07-2017,FY2018,FY2018 Q1,01-07-2017,15-07-2017,201707
20170716,16-07-2017,FY2018,FY2018 Q1,01-07-2017,16-07-2017,201707
20170717,17-07-2017,FY2018,FY2018 Q1,01-07-2017,17-07-2017,201707
20170718,18-07-2017,FY2018,FY2018 Q1,01-07-2017,18-07-2017,201707
20170719,19-07-2017,FY2018,FY2018 Q1,01-07-2017,19-07-2017,201707
20170720,20-07-2017,FY2018,FY2018 Q1,01-07-2017,20-07-2017,201707
20170721,21-07-2017,FY2018,FY2018 Q1,01-07-2017,21-07-2017,201707
20170722,22-07-2017,FY2018,FY2018 Q1,01-07-2017,22-07-2017,201707
20170723,23-07-2017,FY2018,FY2018 Q1,01-07-2017,23-07-2017,201707
20170724,24-07-2017,FY2018,FY2018 Q1,01-07-2017,24-07-2017,201707
20170725,25-07-2017,FY2018,FY2018 Q1,01-07-2017,25-07-2017,201707
20170726,26-07-2017,FY2018,FY2018 Q1,01-07-2017,26-07-2017,201707
20170727,27-07-2017,FY2018,FY2018 Q1,01-07-2017,27-07-2017,201707
20170728,28-07-2017,FY2018,FY2018 Q1,01-07-2017,28-07-2017,201707
20170729,29-07-2017,FY2018,FY2018 Q1,01-07-2017,29-07-2017,201707
20170730,30-07-2017,FY2018,FY2018 Q1,01-07-2017,30-07-2017,201707
20170731,31-07-2017,FY2018,FY2018 Q1,01-07-2017,31-07-2017,201707
20170801,01-08-2017,FY2018,FY2018 Q1,01-08-2017,01-08-2017,201708
20170802,02-08-2017,FY2018,FY2018 Q1,01-08-2017,02-08-2017,201708
20170803,03-08-2017,FY2018,FY2018 Q1,01-08-2017,03-08-2017,201708
20170804,04-08-2017,FY2018,FY2018 Q1,01-08-2017,04-08-2017,201708
20170805,05-08-2017,FY2018,FY2018 Q1,01-08-2017,05-08-2017,201708
20170806,06-08-2017,FY2018,FY2018 Q1,01-08-2017,06-08-2017,201708
20170807,07-08-2017,FY2018,FY2018 Q1,01-08-2017,07-08-2017,201708
20170808,08-08-2017,FY2018,FY2018 Q1,01-08-2017,08-08-2017,201708
20170809,09-08-2017,FY2018,FY2018 Q1,01-08-2017,09-08-2017,201708
20170810,10-08-2017,FY2018,FY2018 Q1,01-08-2017,10-08-2017,201708
20170811,11-08-2017,FY2018,FY2018 Q1,01-08-2017,11-08-2017,201708
20170812,12-08-2017,FY2018,FY2018 Q1,01-08-2017,12-08-2017,201708
20170813,13-08-2017,FY2018,FY2018 Q1,01-08-2017,13-08-2017,201708
20170814,14-08-2017,FY2018,FY2018 Q1,01-08-2017,14-08-2017,201708
20170815,15-08-2017,FY2018,FY2018 Q1,01-08-2017,15-08-2017,201708
20170816,16-08-2017,FY2018,FY2018 Q1,01-08-2017,16-08-2017,201708
20170817,17-08-2017,FY2018,FY2018 Q1,01-08-2017,17-08-2017,201708
20170818,18-08-2017,FY2018,FY2018 Q1,01-08-2017,18-08-2017,201708
20170819,19-08-2017,FY2018,FY2018 Q1,01-08-2017,19-08-2017,201708
20170820,20-08-2017,FY2018,FY2018 Q1,01-08-2017,20-08-2017,201708
20170821,21-08-2017,FY2018,FY2018 Q1,01-08-2017,21-08-2017,201708
20170822,22-08-2017,FY2018,FY2018 Q1,01-08-2017,22-08-2017,201708
20170823,23-08-2017,FY2018,FY2018 Q1,01-08-2017,23-08-2017,201708
20170824,24-08-2017,FY2018,FY2018 Q1,01-08-2017,24-08-2017,201708
20170825,25-08-2017,FY2018,FY2018 Q1,01-08-2017,25-08-2017,201708
20170826,26-08-2017,FY2018,FY2018 Q1,01-08-2017,26-08-2017,201708
20170827,27-08-2017,FY2018,FY2018 Q1,01-08-2017,27-08-2017,201708
20170828,28-08-2017,FY2018,FY2018 Q1,01-08-2017,28-08-2017,201708
20170829,29-08-2017,FY2018,FY2018 Q1,01-08-2017,29-08-2017,201708
20170830,30-08-2017,FY2018,FY2018 Q1,01-08-2017,30-08-2017,201708
20170831,31-08-2017,FY2018,FY2018 Q1,01-08-2017,31-08-2017,201708
20170901,01-09-2017,FY2018,FY2018 Q1,01-09-2017,01-09-2017,201709
20170902,02-09-2017,FY2018,FY2018 Q1,01-09-2017,02-09-2017,201709
20170903,03-09-2017,FY2018,FY2018 Q1,01-09-2017,03-09-2017,201709
20170904,04-09-2017,FY2018,FY2018 Q1,01-09-2017,04-09-2017,201709
20170905,05-09-2017,FY2018,FY2018 Q1,01-09-2017,05-09-2017,201709
20170906,06-09-2017,FY2018,FY2018 Q1,01-09-2017,06-09-2017,201709
20170907,07-09-2017,FY2018,FY2018 Q1,01-09-2017,07-09-2017,201709
20170908,08-09-2017,FY2018,FY2018 Q1,01-09-2017,08-09-2017,201709
20170909,09-09-2017,FY2018,FY2018 Q1,01-09-2017,09-09-2017,201709
20170910,10-09-2017,FY2018,FY2018 Q1,01-09-2017,10-09-2017,201709
20170911,11-09-2017,FY2018,FY2018 Q1,01-09-2017,11-09-2017,201709
20170912,12-09-2017,FY2018,FY2018 Q1,01-09-2017,12-09-2017,201709
20170913,13-09-2017,FY2018,FY2018 Q1,01-09-2017,13-09-2017,201709
20170914,14-09-2017,FY2018,FY2018 Q1,01-09-2017,14-09-2017,201709
20170915,15-09-2017,FY2018,FY2018 Q1,01-09-2017,15-09-2017,201709
20170916,16-09-2017,FY2018,FY2018 Q1,01-09-2017,16-09-2017,201709
20170917,17-09-2017,FY2018,FY2018 Q1,01-09-2017,17-09-2017,201709
20170918,18-09-2017,FY2018,FY2018 Q1,01-09-2017,18-09-2017,201709
20170919,19-09-2017,FY2018,FY2018 Q1,01-09-2017,19-09-2017,201709
20170920,20-09-2017,FY2018,FY2018 Q1,01-09-2017,20-09-2017,201709
20170921,21-09-2017,FY2018,FY2018 Q1,01-09-2017,21-09-2017,201709
20170922,22-09-2017,FY2018,FY2018 Q1,01-09-2017,22-09-2017,201709
20170923,23-09-2017,FY2018,FY2018 Q1,01-09-2017,23-09-2017,201709
20170924,24-09-2017,FY2018,FY2018 Q1,01-09-2017,24-09-2017,201709
20170925,25-09-2017,FY2018,FY2018 Q1,01-09-2017,25-09-2017,201709
20170926,26-09-2017,FY2018,FY2018 Q1,01-09-2017,26-09-2017,201709
20170927,27-09-2017,FY2018,FY2018 Q1,01-09-2017,27-09-2017,201709
20170928,28-09-2017,FY2018,FY2018 Q1,01-09-2017,28-09-2017,201709
20170929,29-09-2017,FY2018,FY2018 Q1,01-09-2017,29-09-2017,201709
20170930,30-09-2017,FY2018,FY2018 Q1,01-09-2017,30-09-2017,201709
20171001,01-10-2017,FY2018,FY2018 Q2,01-10-2017,01-10-2017,201710
20171002,02-10-2017,FY2018,FY2018 Q2,01-10-2017,02-10-2017,201710
20171003,03-10-2017,FY2018,FY2018 Q2,01-10-2017,03-10-2017,201710
20171004,04-10-2017,FY2018,FY2018 Q2,01-10-2017,04-10-2017,201710
20171005,05-10-2017,FY2018,FY2018 Q2,01-10-2017,05-10-2017,201710
20171006,06-10-2017,FY2018,FY2018 Q2,01-10-2017,06-10-2017,201710
20171007,07-10-2017,FY2018,FY2018 Q2,01-10-2017,07-10-2017,201710
20171008,08-10-2017,FY2018,FY2018 Q2,01-10-2017,08-10-2017,201710
20171009,09-10-2017,FY2018,FY2018 Q2,01-10-2017,09-10-2017,201710
20171010,10-10-2017,FY2018,FY2018 Q2,01-10-2017,10-10-2017,201710
20171011,11-10-2017,FY2018,FY2018 Q2,01-10-2017,11-10-2017,201710
20171012,12-10-2017,FY2018,FY2018 Q2,01-10-2017,12-10-2017,201710
20171013,13-10-2017,FY2018,FY2018 Q2,01-10-2017,13-10-2017,201710
20171014,14-10-2017,FY2018,FY2018 Q2,01-10-2017,14-10-2017,201710
20171015,15-10-2017,FY2018,FY2018 Q2,01-10-2017,15-10-2017,201710
20171016,16-10-2017,FY2018,FY2018 Q2,01-10-2017,16-10-2017,201710
20171017,17-10-2017,FY2018,FY2018 Q2,01-10-2017,17-10-2017,201710
20171018,18-10-2017,FY2018,FY2018 Q2,01-10-2017,18-10-2017,201710
20171019,19-10-2017,FY2018,FY2018 Q2,01-10-2017,19-10-2017,201710
20171020,20-10-2017,FY2018,FY2018 Q2,01-10-2017,20-10-2017,201710
20171021,21-10-2017,FY2018,FY2018 Q2,01-10-2017,21-10-2017,201710
20171022,22-10-2017,FY2018,FY2018 Q2,01-10-2017,22-10-2017,201710
20171023,23-10-2017,FY2018,FY2018 Q2,01-10-2017,23-10-2017,201710
20171024,24-10-2017,FY2018,FY2018 Q2,01-10-2017,24-10-2017,201710
20171025,25-10-2017,FY2018,FY2018 Q2,01-10-2017,25-10-2017,201710
20171026,26-10-2017,FY2018,FY2018 Q2,01-10-2017,26-10-2017,201710
20171027,27-10-2017,FY2018,FY2018 Q2,01-10-2017,27-10-2017,201710
20171028,28-10-2017,FY2018,FY2018 Q2,01-10-2017,28-10-2017,201710
20171029,29-10-2017,FY2018,FY2018 Q2,01-10-2017,29-10-2017,201710
20171030,30-10-2017,FY2018,FY2018 Q2,01-10-2017,30-10-2017,201710
20171031,31-10-2017,FY2018,FY2018 Q2,01-10-2017,31-10-2017,201710
20171101,01-11-2017,FY2018,FY2018 Q2,01-11-2017,01-11-2017,201711
20171102,02-11-2017,FY2018,FY2018 Q2,01-11-2017,02-11-2017,201711
20171103,03-11-2017,FY2018,FY2018 Q2,01-11-2017,03-11-2017,201711
20171104,04-11-2017,FY2018,FY2018 Q2,01-11-2017,04-11-2017,201711
20171105,05-11-2017,FY2018,FY2018 Q2,01-11-2017,05-11-2017,201711
20171106,06-11-2017,FY2018,FY2018 Q2,01-11-2017,06-11-2017,201711
20171107,07-11-2017,FY2018,FY2018 Q2,01-11-2017,07-11-2017,201711
20171108,08-11-2017,FY2018,FY2018 Q2,01-11-2017,08-11-2017,201711
20171109,09-11-2017,FY2018,FY2018 Q2,01-11-2017,09-11-2017,201711
20171110,10-11-2017,FY2018,FY2018 Q2,01-11-2017,10-11-2017,201711
20171111,11-11-2017,FY2018,FY2018 Q2,01-11-2017,11-11-2017,201711
20171112,12-11-2017,FY2018,FY2018 Q2,01-11-2017,12-11-2017,201711
20171113,13-11-2017,FY2018,FY2018 Q2,01-11-2017,13-11-2017,201711
20171114,14-11-2017,FY2018,FY2018 Q2,01-11-2017,14-11-2017,201711
20171115,15-11-2017,FY2018,FY2018 Q2,01-11-2017,15-11-2017,201711
20171116,16-11-2017,FY2018,FY2018 Q2,01-11-2017,16-11-2017,201711
20171117,17-11-2017,FY2018,FY2018 Q2,01-11-2017,17-11-2017,201711
20171118,18-11-2017,FY2018,FY2018 Q2,01-11-2017,18-11-2017,201711
20171119,19-11-2017,FY2018,FY2018 Q2,01-11-2017,19-11-2017,201711
20171120,20-11-2017,FY2018,FY2018 Q2,01-11-2017,20-11-2017,201711
20171121,21-11-2017,FY2018,FY2018 Q2,01-11-2017,21-11-2017,201711
20171122,22-11-2017,FY2018,FY2018 Q2,01-11-2017,22-11-2017,201711
20171123,23-11-2017,FY2018,FY2018 Q2,01-11-2017,23-11-2017,201711
20171124,24-11-2017,FY2018,FY2018 Q2,01-11-2017,24-11-2017,201711
20171125,25-11-2017,FY2018,FY2018 Q2,01-11-2017,25-11-2017,201711
20171126,26-11-2017,FY2018,FY2018 Q2,01-11-2017,26-11-2017,201711
20171127,27-11-2017,FY2018,FY2018 Q2,01-11-2017,27-11-2017,201711
20171128,28-11-2017,FY2018,FY2018 Q2,01-11-2017,28-11-2017,201711
20171129,29-11-2017,FY2018,FY2018 Q2,01-11-2017,29-11-2017,201711
20171130,30-11-2017,FY2018,FY2018 Q2,01-11-2017,30-11-2017,201711
20171201,01-12-2017,FY2018,FY2018 Q2,01-12-2017,01-12-2017,201712
20171202,02-12-2017,FY2018,FY2018 Q2,01-12-2017,02-12-2017,201712
20171203,03-12-2017,FY2018,FY2018 Q2,01-12-2017,03-12-2017,201712
20171204,04-12-2017,FY2018,FY2018 Q2,01-12-2017,04-12-2017,201712
20171205,05-12-2017,FY2018,FY2018 Q2,01-12-2017,05-12-2017,201712
20171206,06-12-2017,FY2018,FY2018 Q2,01-12-2017,06-12-2017,201712
20171207,07-12-2017,FY2018,FY2018 Q2,01-12-2017,07-12-2017,201712
20171208,08-12-2017,FY2018,FY2018 Q2,01-12-2017,08-12-2017,201712
20171209,09-12-2017,FY2018,FY2018 Q2,01-12-2017,09-12-2017,201712
20171210,10-12-2017,FY2018,FY2018 Q2,01-12-2017,10-12-2017,201712
20171211,11-12-2017,FY2018,FY2018 Q2,01-12-2017,11-12-2017,201712
20171212,12-12-2017,FY2018,FY2018 Q2,01-12-2017,12-12-2017,201712
20171213,13-12-2017,FY2018,FY2018 Q2,01-12-2017,13-12-2017,201712
20171214,14-12-2017,FY2018,FY2018 Q2,01-12-2017,14-12-2017,201712
20171215,15-12-2017,FY2018,FY2018 Q2,01-12-2017,15-12-2017,201712
20171216,16-12-2017,FY2018,FY2018 Q2,01-12-2017,16-12-2017,201712
20171217,17-12-2017,FY2018,FY2018 Q2,01-12-2017,17-12-2017,201712
20171218,18-12-2017,FY2018,FY2018 Q2,01-12-2017,18-12-2017,201712
20171219,19-12-2017,FY2018,FY2018 Q2,01-12-2017,19-12-2017,201712
20171220,20-12-2017,FY2018,FY2018 Q2,01-12-2017,20-12-2017,201712
20171221,21-12-2017,FY2018,FY2018 Q2,01-12-2017,21-12-2017,201712
20171222,22-12-2017,FY2018,FY2018 Q2,01-12-2017,22-12-2017,201712
20171223,23-12-2017,FY2018,FY2018 Q2,01-12-2017,23-12-2017,201712
20171224,24-12-2017,FY2018,FY2018 Q2,01-12-2017,24-12-2017,201712
20171225,25-12-2017,FY2018,FY2018 Q2,01-12-2017,25-12-2017,201712
20171226,26-12-2017,FY2018,FY2018 Q2,01-12-2017,26-12-2017,201712
20171227,27-12-2017,FY2018,FY2018 Q2,01-12-2017,27-12-2017,201712
20171228,28-12-2017,FY2018,FY2018 Q2,01-12-2017,28-12-2017,201712
20171229,29-12-2017,FY2018,FY2018 Q2,01-12-2017,29-12-2017,201712
20171230,30-12-2017,FY2018,FY2018 Q2,01-12-2017,30-12-2017,201712
20171231,31-12-2017,FY2018,FY2018 Q2,01-12-2017,31-12-2017,201712
20180101,01-01-2018,FY2018,FY2018 Q3,01-01-2018,01-01-2018,201801
20180102,02-01-2018,FY2018,FY2018 Q3,01-01-2018,02-01-2018,201801
20180103,03-01-2018,FY2018,FY2018 Q3,01-01-2018,03-01-2018,201801
20180104,04-01-2018,FY2018,FY2018 Q3,01-01-2018,04-01-2018,201801
20180105,05-01-2018,FY2018,FY2018 Q3,01-01-2018,05-01-2018,201801
20180106,06-01-2018,FY2018,FY2018 Q3,01-01-2018,06-01-2018,201801
20180107,07-01-2018,FY2018,FY2018 Q3,01-01-2018,07-01-2018,201801
20180108,08-01-2018,FY2018,FY2018 Q3,01-01-2018,08-01-2018,201801
20180109,09-01-2018,FY2018,FY2018 Q3,01-01-2018,09-01-2018,201801
20180110,10-01-2018,FY2018,FY2018 Q3,01-01-2018,10-01-2018,201801
20180111,11-01-2018,FY2018,FY2018 Q3,01-01-2018,11-01-2018,201801
20180112,12-01-2018,FY2018,FY2018 Q3,01-01-2018,12-01-2018,201801
20180113,13-01-2018,FY2018,FY2018 Q3,01-01-2018,13-01-2018,201801
20180114,14-01-2018,FY2018,FY2018 Q3,01-01-2018,14-01-2018,201801
20180115,15-01-2018,FY2018,FY2018 Q3,01-01-2018,15-01-2018,201801
20180116,16-01-2018,FY2018,FY2018 Q3,01-01-2018,16-01-2018,201801
20180117,17-01-2018,FY2018,FY2018 Q3,01-01-2018,17-01-2018,201801
20180118,18-01-2018,FY2018,FY2018 Q3,01-01-2018,18-01-2018,201801
20180119,19-01-2018,FY2018,FY2018 Q3,01-01-2018,19-01-2018,201801
20180120,20-01-2018,FY2018,FY2018 Q3,01-01-2018,20-01-2018,201801
20180121,21-01-2018,FY2018,FY2018 Q3,01-01-2018,21-01-2018,201801
20180122,22-01-2018,FY2018,FY2018 Q3,01-01-2018,22-01-2018,201801
20180123,23-01-2018,FY2018,FY2018 Q3,01-01-2018,23-01-2018,201801
20180124,24-01-2018,FY2018,FY2018 Q3,01-01-2018,24-01-2018,201801
20180125,25-01-2018,FY2018,FY2018 Q3,01-01-2018,25-01-2018,201801
20180126,26-01-2018,FY2018,FY2018 Q3,01-01-2018,26-01-2018,201801
20180127,27-01-2018,FY2018,FY2018 Q3,01-01-2018,27-01-2018,201801
20180128,28-01-2018,FY2018,FY2018 Q3,01-01-2018,28-01-2018,201801
20180129,29-01-2018,FY2018,FY2018 Q3,01-01-2018,29-01-2018,201801
20180130,30-01-2018,FY2018,FY2018 Q3,01-01-2018,30-01-2018,201801
20180131,31-01-2018,FY2018,FY2018 Q3,01-01-2018,31-01-2018,201801
20180201,01-02-2018,FY2018,FY2018 Q3,01-02-2018,01-02-2018,201802
20180202,02-02-2018,FY2018,FY2018 Q3,01-02-2018,02-02-2018,201802
20180203,03-02-2018,FY2018,FY2018 Q3,01-02-2018,03-02-2018,201802
20180204,04-02-2018,FY2018,FY2018 Q3,01-02-2018,04-02-2018,201802
20180205,05-02-2018,FY2018,FY2018 Q3,01-02-2018,05-02-2018,201802
20180206,06-02-2018,FY2018,FY2018 Q3,01-02-2018,06-02-2018,201802
20180207,07-02-2018,FY2018,FY2018 Q3,01-02-2018,07-02-2018,201802
20180208,08-02-2018,FY2018,FY2018 Q3,01-02-2018,08-02-2018,201802
20180209,09-02-2018,FY2018,FY2018 Q3,01-02-2018,09-02-2018,201802
20180210,10-02-2018,FY2018,FY2018 Q3,01-02-2018,10-02-2018,201802
20180211,11-02-2018,FY2018,FY2018 Q3,01-02-2018,11-02-2018,201802
20180212,12-02-2018,FY2018,FY2018 Q3,01-02-2018,12-02-2018,201802
20180213,13-02-2018,FY2018,FY2018 Q3,01-02-2018,13-02-2018,201802
20180214,14-02-2018,FY2018,FY2018 Q3,01-02-2018,14-02-2018,201802
20180215,15-02-2018,FY2018,FY2018 Q3,01-02-2018,15-02-2018,201802
20180216,16-02-2018,FY2018,FY2018 Q3,01-02-2018,16-02-2018,201802
20180217,17-02-2018,FY2018,FY2018 Q3,01-02-2018,17-02-2018,201802
20180218,18-02-2018,FY2018,FY2018 Q3,01-02-2018,18-02-2018,201802
20180219,19-02-2018,FY2018,FY2018 Q3,01-02-2018,19-02-2018,201802
20180220,20-02-2018,FY2018,FY2018 Q3,01-02-2018,20-02-2018,201802
20180221,21-02-2018,FY2018,FY2018 Q3,01-02-2018,21-02-2018,201802
20180222,22-02-2018,FY2018,FY2018 Q3,01-02-2018,22-02-2018,201802
20180223,23-02-2018,FY2018,FY2018 Q3,01-02-2018,23-02-2018,201802
20180224,24-02-2018,FY2018,FY2018 Q3,01-02-2018,24-02-2018,201802
20180225,25-02-2018,FY2018,FY2018 Q3,01-02-2018,25-02-2018,201802
20180226,26-02-2018,FY2018,FY2018 Q3,01-02-2018,26-02-2018,201802
20180227,27-02-2018,FY2018,FY2018 Q3,01-02-2018,27-02-2018,201802
20180228,28-02-2018,FY2018,FY2018 Q3,01-02-2018,28-02-2018,201802
20180301,01-03-2018,FY2018,FY2018 Q3,01-03-2018,01-03-2018,201803
20180302,02-03-2018,FY2018,FY2018 Q3,01-03-2018,02-03-2018,201803
20180303,03-03-2018,FY2018,FY2018 Q3,01-03-2018,03-03-2018,201803
20180304,04-03-2018,FY2018,FY2018 Q3,01-03-2018,04-03-2018,201803
20180305,05-03-2018,FY2018,FY2018 Q3,01-03-2018,05-03-2018,201803
20180306,06-03-2018,FY2018,FY2018 Q3,01-03-2018,06-03-2018,201803
20180307,07-03-2018,FY2018,FY2018 Q3,01-03-2018,07-03-2018,201803
20180308,08-03-2018,FY2018,FY2018 Q3,01-03-2018,08-03-2018,201803
20180309,09-03-2018,FY2018,FY2018 Q3,01-03-2018,09-03-2018,201803
20180310,10-03-2018,FY2018,FY2018 Q3,01-03-2018,10-03-2018,201803
20180311,11-03-2018,FY2018,FY2018 Q3,01-03-2018,11-03-2018,201803
20180312,12-03-2018,FY2018,FY2018 Q3,01-03-2018,12-03-2018,201803
20180313,13-03-2018,FY2018,FY2018 Q3,01-03-2018,13-03-2018,201803
20180314,14-03-2018,FY2018,FY2018 Q3,01-03-2018,14-03-2018,201803
20180315,15-03-2018,FY2018,FY2018 Q3,01-03-2018,15-03-2018,201803
20180316,16-03-2018,FY2018,FY2018 Q3,01-03-2018,16-03-2018,201803
20180317,17-03-2018,FY2018,FY2018 Q3,01-03-2018,17-03-2018,201803
20180318,18-03-2018,FY2018,FY2018 Q3,01-03-2018,18-03-2018,201803
20180319,19-03-2018,FY2018,FY2018 Q3,01-03-2018,19-03-2018,201803
20180320,20-03-2018,FY2018,FY2018 Q3,01-03-2018,20-03-2018,201803
20180321,21-03-2018,FY2018,FY2018 Q3,01-03-2018,21-03-2018,201803
20180322,22-03-2018,FY2018,FY2018 Q3,01-03-2018,22-03-2018,201803
20180323,23-03-2018,FY2018,FY2018 Q3,01-03-2018,23-03-2018,201803
20180324,24-03-2018,FY2018,FY2018 Q3,01-03-2018,24-03-2018,201803
20180325,25-03-2018,FY2018,FY2018 Q3,01-03-2018,25-03-2018,201803
20180326,26-03-2018,FY2018,FY2018 Q3,01-03-2018,26-03-2018,201803
20180327,27-03-2018,FY2018,FY2018 Q3,01-03-2018,27-03-2018,201803
20180328,28-03-2018,FY2018,FY2018 Q3,01-03-2018,28-03-2018,201803
20180329,29-03-2018,FY2018,FY2018 Q3,01-03-2018,29-03-2018,201803
20180330,30-03-2018,FY2018,FY2018 Q3,01-03-2018,30-03-2018,201803
20180331,31-03-2018,FY2018,FY2018 Q3,01-03-2018,31-03-2018,201803
20180401,01-04-2018,FY2018,FY2018 Q4,01-04-2018,01-04-2018,201804
20180402,02-04-2018,FY2018,FY2018 Q4,01-04-2018,02-04-2018,201804
20180403,03-04-2018,FY2018,FY2018 Q4,01-04-2018,03-04-2018,201804
20180404,04-04-2018,FY2018,FY2018 Q4,01-04-2018,04-04-2018,201804
20180405,05-04-2018,FY2018,FY2018 Q4,01-04-2018,05-04-2018,201804
20180406,06-04-2018,FY2018,FY2018 Q4,01-04-2018,06-04-2018,201804
20180407,07-04-2018,FY2018,FY2018 Q4,01-04-2018,07-04-2018,201804
20180408,08-04-2018,FY2018,FY2018 Q4,01-04-2018,08-04-2018,201804
20180409,09-04-2018,FY2018,FY2018 Q4,01-04-2018,09-04-2018,201804
20180410,10-04-2018,FY2018,FY2018 Q4,01-04-2018,10-04-2018,201804
20180411,11-04-2018,FY2018,FY2018 Q4,01-04-2018,11-04-2018,201804
20180412,12-04-2018,FY2018,FY2018 Q4,01-04-2018,12-04-2018,201804
20180413,13-04-2018,FY2018,FY2018 Q4,01-04-2018,13-04-2018,201804
20180414,14-04-2018,FY2018,FY2018 Q4,01-04-2018,14-04-2018,201804
20180415,15-04-2018,FY2018,FY2018 Q4,01-04-2018,15-04-2018,201804
20180416,16-04-2018,FY2018,FY2018 Q4,01-04-2018,16-04-2018,201804
20180417,17-04-2018,FY2018,FY2018 Q4,01-04-2018,17-04-2018,201804
20180418,18-04-2018,FY2018,FY2018 Q4,01-04-2018,18-04-2018,201804
20180419,19-04-2018,FY2018,FY2018 Q4,01-04-2018,19-04-2018,201804
20180420,20-04-2018,FY2018,FY2018 Q4,01-04-2018,20-04-2018,201804
20180421,21-04-2018,FY2018,FY2018 Q4,01-04-2018,21-04-2018,201804
20180422,22-04-2018,FY2018,FY2018 Q4,01-04-2018,22-04-2018,201804
20180423,23-04-2018,FY2018,FY2018 Q4,01-04-2018,23-04-2018,201804
20180424,24-04-2018,FY2018,FY2018 Q4,01-04-2018,24-04-2018,201804
20180425,25-04-2018,FY2018,FY2018 Q4,01-04-2018,25-04-2018,201804
20180426,26-04-2018,FY2018,FY2018 Q4,01-04-2018,26-04-2018,201804
20180427,27-04-2018,FY2018,FY2018 Q4,01-04-2018,27-04-2018,201804
20180428,28-04-2018,FY2018,FY2018 Q4,01-04-2018,28-04-2018,201804
20180429,29-04-2018,FY2018,FY2018 Q4,01-04-2018,29-04-2018,201804
20180430,30-04-2018,FY2018,FY2018 Q4,01-04-2018,30-04-2018,201804
20180501,01-05-2018,FY2018,FY2018 Q4,01-05-2018,01-05-2018,201805
20180502,02-05-2018,FY2018,FY2018 Q4,01-05-2018,02-05-2018,201805
20180503,03-05-2018,FY2018,FY2018 Q4,01-05-2018,03-05-2018,201805
20180504,04-05-2018,FY2018,FY2018 Q4,01-05-2018,04-05-2018,201805
20180505,05-05-2018,FY2018,FY2018 Q4,01-05-2018,05-05-2018,201805
20180506,06-05-2018,FY2018,FY2018 Q4,01-05-2018,06-05-2018,201805
20180507,07-05-2018,FY2018,FY2018 Q4,01-05-2018,07-05-2018,201805
20180508,08-05-2018,FY2018,FY2018 Q4,01-05-2018,08-05-2018,201805
20180509,09-05-2018,FY2018,FY2018 Q4,01-05-2018,09-05-2018,201805
20180510,10-05-2018,FY2018,FY2018 Q4,01-05-2018,10-05-2018,201805
20180511,11-05-2018,FY2018,FY2018 Q4,01-05-2018,11-05-2018,201805
20180512,12-05-2018,FY2018,FY2018 Q4,01-05-2018,12-05-2018,201805
20180513,13-05-2018,FY2018,FY2018 Q4,01-05-2018,13-05-2018,201805
20180514,14-05-2018,FY2018,FY2018 Q4,01-05-2018,14-05-2018,201805
20180515,15-05-2018,FY2018,FY2018 Q4,01-05-2018,15-05-2018,201805
20180516,16-05-2018,FY2018,FY2018 Q4,01-05-2018,16-05-2018,201805
20180517,17-05-2018,FY2018,FY2018 Q4,01-05-2018,17-05-2018,201805
20180518,18-05-2018,FY2018,FY2018 Q4,01-05-2018,18-05-2018,201805
20180519,19-05-2018,FY2018,FY2018 Q4,01-05-2018,19-05-2018,201805
20180520,20-05-2018,FY2018,FY2018 Q4,01-05-2018,20-05-2018,201805
20180521,21-05-2018,FY2018,FY2018 Q4,01-05-2018,21-05-2018,201805
20180522,22-05-2018,FY2018,FY2018 Q4,01-05-2018,22-05-2018,201805
20180523,23-05-2018,FY2018,FY2018 Q4,01-05-2018,23-05-2018,201805
20180524,24-05-2018,FY2018,FY2018 Q4,01-05-2018,24-05-2018,201805
20180525,25-05-2018,FY2018,FY2018 Q4,01-05-2018,25-05-2018,201805
20180526,26-05-2018,FY2018,FY2018 Q4,01-05-2018,26-05-2018,201805
20180527,27-05-2018,FY2018,FY2018 Q4,01-05-2018,27-05-2018,201805
20180528,28-05-2018,FY2018,FY2018 Q4,01-05-2018,28-05-2018,201805
20180529,29-05-2018,FY2018,FY2018 Q4,01-05-2018,29-05-2018,201805
20180530,30-05-2018,FY2018,FY2018 Q4,01-05-2018,30-05-2018,201805
20180531,31-05-2018,FY2018,FY2018 Q4,01-05-2018,31-05-2018,201805
20180601,01-06-2018,FY2018,FY2018 Q4,01-06-2018,01-06-2018,201806
20180602,02-06-2018,FY2018,FY2018 Q4,01-06-2018,02-06-2018,201806
20180603,03-06-2018,FY2018,FY2018 Q4,01-06-2018,03-06-2018,201806
20180604,04-06-2018,FY2018,FY2018 Q4,01-06-2018,04-06-2018,201806
20180605,05-06-2018,FY2018,FY2018 Q4,01-06-2018,05-06-2018,201806
20180606,06-06-2018,FY2018,FY2018 Q4,01-06-2018,06-06-2018,201806
20180607,07-06-2018,FY2018,FY2018 Q4,01-06-2018,07-06-2018,201806
20180608,08-06-2018,FY2018,FY2018 Q4,01-06-2018,08-06-2018,201806
20180609,09-06-2018,FY2018,FY2018 Q4,01-06-2018,09-06-2018,201806
20180610,10-06-2018,FY2018,FY2018 Q4,01-06-2018,10-06-2018,201806
20180611,11-06-2018,FY2018,FY2018 Q4,01-06-2018,11-06-2018,201806
20180612,12-06-2018,FY2018,FY2018 Q4,01-06-2018,12-06-2018,201806
20180613,13-06-2018,FY2018,FY2018 Q4,01-06-2018,13-06-2018,201806
20180614,14-06-2018,FY2018,FY2018 Q4,01-06-2018,14-06-2018,201806
20180615,15-06-2018,FY2018,FY2018 Q4,01-06-2018,15-06-2018,201806
20180616,16-06-2018,FY2018,FY2018 Q4,01-06-2018,16-06-2018,201806
20180617,17-06-2018,FY2018,FY2018 Q4,01-06-2018,17-06-2018,201806
20180618,18-06-2018,FY2018,FY2018 Q4,01-06-2018,18-06-2018,201806
20180619,19-06-2018,FY2018,FY2018 Q4,01-06-2018,19-06-2018,201806
20180620,20-06-2018,FY2018,FY2018 Q4,01-06-2018,20-06-2018,201806
20180621,21-06-2018,FY2018,FY2018 Q4,01-06-2018,21-06-2018,201806
20180622,22-06-2018,FY2018,FY2018 Q4,01-06-2018,22-06-2018,201806
20180623,23-06-2018,FY2018,FY2018 Q4,01-06-2018,23-06-2018,201806
20180624,24-06-2018,FY2018,FY2018 Q4,01-06-2018,24-06-2018,201806
20180625,25-06-2018,FY2018,FY2018 Q4,01-06-2018,25-06-2018,201806
20180626,26-06-2018,FY2018,FY2018 Q4,01-06-2018,26-06-2018,201806
20180627,27-06-2018,FY2018,FY2018 Q4,01-06-2018,27-06-2018,201806
20180628,28-06-2018,FY2018,FY2018 Q4,01-06-2018,28-06-2018,201806
20180629,29-06-2018,FY2018,FY2018 Q4,01-06-2018,29-06-2018,201806
20180630,30-06-2018,FY2018,FY2018 Q4,01-06-2018,30-06-2018,201806
20180701,01-07-2018,FY2019,FY2019 Q1,01-07-2018,01-07-2018,201807
20180702,02-07-2018,FY2019,FY2019 Q1,01-07-2018,02-07-2018,201807
20180703,03-07-2018,FY2019,FY2019 Q1,01-07-2018,03-07-2018,201807
20180704,04-07-2018,FY2019,FY2019 Q1,01-07-2018,04-07-2018,201807
20180705,05-07-2018,FY2019,FY2019 Q1,01-07-2018,05-07-2018,201807
20180706,06-07-2018,FY2019,FY2019 Q1,01-07-2018,06-07-2018,201807
20180707,07-07-2018,FY2019,FY2019 Q1,01-07-2018,07-07-2018,201807
20180708,08-07-2018,FY2019,FY2019 Q1,01-07-2018,08-07-2018,201807
20180709,09-07-2018,FY2019,FY2019 Q1,01-07-2018,09-07-2018,201807
20180710,10-07-2018,FY2019,FY2019 Q1,01-07-2018,10-07-2018,201807
20180711,11-07-2018,FY2019,FY2019 Q1,01-07-2018,11-07-2018,201807
20180712,12-07-2018,FY2019,FY2019 Q1,01-07-2018,12-07-2018,201807
20180713,13-07-2018,FY2019,FY2019 Q1,01-07-2018,13-07-2018,201807
20180714,14-07-2018,FY2019,FY2019 Q1,01-07-2018,14-07-2018,201807
20180715,15-07-2018,FY2019,FY2019 Q1,01-07-2018,15-07-2018,201807
20180716,16-07-2018,FY2019,FY2019 Q1,01-07-2018,16-07-2018,201807
20180717,17-07-2018,FY2019,FY2019 Q1,01-07-2018,17-07-2018,201807
20180718,18-07-2018,FY2019,FY2019 Q1,01-07-2018,18-07-2018,201807
20180719,19-07-2018,FY2019,FY2019 Q1,01-07-2018,19-07-2018,201807
20180720,20-07-2018,FY2019,FY2019 Q1,01-07-2018,20-07-2018,201807
20180721,21-07-2018,FY2019,FY2019 Q1,01-07-2018,21-07-2018,201807
20180722,22-07-2018,FY2019,FY2019 Q1,01-07-2018,22-07-2018,201807
20180723,23-07-2018,FY2019,FY2019 Q1,01-07-2018,23-07-2018,201807
20180724,24-07-2018,FY2019,FY2019 Q1,01-07-2018,24-07-2018,201807
20180725,25-07-2018,FY2019,FY2019 Q1,01-07-2018,25-07-2018,201807
20180726,26-07-2018,FY2019,FY2019 Q1,01-07-2018,26-07-2018,201807
20180727,27-07-2018,FY2019,FY2019 Q1,01-07-2018,27-07-2018,201807
20180728,28-07-2018,FY2019,FY2019 Q1,01-07-2018,28-07-2018,201807
20180729,29-07-2018,FY2019,FY2019 Q1,01-07-2018,29-07-2018,201807
20180730,30-07-2018,FY2019,FY2019 Q1,01-07-2018,30-07-2018,201807
20180731,31-07-2018,FY2019,FY2019 Q1,01-07-2018,31-07-2018,201807
20180801,01-08-2018,FY2019,FY2019 Q1,01-08-2018,01-08-2018,201808
20180802,02-08-2018,FY2019,FY2019 Q1,01-08-2018,02-08-2018,201808
20180803,03-08-2018,FY2019,FY2019 Q1,01-08-2018,03-08-2018,201808
20180804,04-08-2018,FY2019,FY2019 Q1,01-08-2018,04-08-2018,201808
20180805,05-08-2018,FY2019,FY2019 Q1,01-08-2018,05-08-2018,201808
20180806,06-08-2018,FY2019,FY2019 Q1,01-08-2018,06-08-2018,201808
20180807,07-08-2018,FY2019,FY2019 Q1,01-08-2018,07-08-2018,201808
20180808,08-08-2018,FY2019,FY2019 Q1,01-08-2018,08-08-2018,201808
20180809,09-08-2018,FY2019,FY2019 Q1,01-08-2018,09-08-2018,201808
20180810,10-08-2018,FY2019,FY2019 Q1,01-08-2018,10-08-2018,201808
20180811,11-08-2018,FY2019,FY2019 Q1,01-08-2018,11-08-2018,201808
20180812,12-08-2018,FY2019,FY2019 Q1,01-08-2018,12-08-2018,201808
20180813,13-08-2018,FY2019,FY2019 Q1,01-08-2018,13-08-2018,201808
20180814,14-08-2018,FY2019,FY2019 Q1,01-08-2018,14-08-2018,201808
20180815,15-08-2018,FY2019,FY2019 Q1,01-08-2018,15-08-2018,201808
20180816,16-08-2018,FY2019,FY2019 Q1,01-08-2018,16-08-2018,201808
20180817,17-08-2018,FY2019,FY2019 Q1,01-08-2018,17-08-2018,201808
20180818,18-08-2018,FY2019,FY2019 Q1,01-08-2018,18-08-2018,201808
20180819,19-08-2018,FY2019,FY2019 Q1,01-08-2018,19-08-2018,201808
20180820,20-08-2018,FY2019,FY2019 Q1,01-08-2018,20-08-2018,201808
20180821,21-08-2018,FY2019,FY2019 Q1,01-08-2018,21-08-2018,201808
20180822,22-08-2018,FY2019,FY2019 Q1,01-08-2018,22-08-2018,201808
20180823,23-08-2018,FY2019,FY2019 Q1,01-08-2018,23-08-2018,201808
20180824,24-08-2018,FY2019,FY2019 Q1,01-08-2018,24-08-2018,201808
20180825,25-08-2018,FY2019,FY2019 Q1,01-08-2018,25-08-2018,201808
20180826,26-08-2018,FY2019,FY2019 Q1,01-08-2018,26-08-2018,201808
20180827,27-08-2018,FY2019,FY2019 Q1,01-08-2018,27-08-2018,201808
20180828,28-08-2018,FY2019,FY2019 Q1,01-08-2018,28-08-2018,201808
20180829,29-08-2018,FY2019,FY2019 Q1,01-08-2018,29-08-2018,201808
20180830,30-08-2018,FY2019,FY2019 Q1,01-08-2018,30-08-2018,201808
20180831,31-08-2018,FY2019,FY2019 Q1,01-08-2018,31-08-2018,201808
20180901,01-09-2018,FY2019,FY2019 Q1,01-09-2018,01-09-2018,201809
20180902,02-09-2018,FY2019,FY2019 Q1,01-09-2018,02-09-2018,201809
20180903,03-09-2018,FY2019,FY2019 Q1,01-09-2018,03-09-2018,201809
20180904,04-09-2018,FY2019,FY2019 Q1,01-09-2018,04-09-2018,201809
20180905,05-09-2018,FY2019,FY2019 Q1,01-09-2018,05-09-2018,201809
20180906,06-09-2018,FY2019,FY2019 Q1,01-09-2018,06-09-2018,201809
20180907,07-09-2018,FY2019,FY2019 Q1,01-09-2018,07-09-2018,201809
20180908,08-09-2018,FY2019,FY2019 Q1,01-09-2018,08-09-2018,201809
20180909,09-09-2018,FY2019,FY2019 Q1,01-09-2018,09-09-2018,201809
20180910,10-09-2018,FY2019,FY2019 Q1,01-09-2018,10-09-2018,201809
20180911,11-09-2018,FY2019,FY2019 Q1,01-09-2018,11-09-2018,201809
20180912,12-09-2018,FY2019,FY2019 Q1,01-09-2018,12-09-2018,201809
20180913,13-09-2018,FY2019,FY2019 Q1,01-09-2018,13-09-2018,201809
20180914,14-09-2018,FY2019,FY2019 Q1,01-09-2018,14-09-2018,201809
20180915,15-09-2018,FY2019,FY2019 Q1,01-09-2018,15-09-2018,201809
20180916,16-09-2018,FY2019,FY2019 Q1,01-09-2018,16-09-2018,201809
20180917,17-09-2018,FY2019,FY2019 Q1,01-09-2018,17-09-2018,201809
20180918,18-09-2018,FY2019,FY2019 Q1,01-09-2018,18-09-2018,201809
20180919,19-09-2018,FY2019,FY2019 Q1,01-09-2018,19-09-2018,201809
20180920,20-09-2018,FY2019,FY2019 Q1,01-09-2018,20-09-2018,201809
20180921,21-09-2018,FY2019,FY2019 Q1,01-09-2018,21-09-2018,201809
20180922,22-09-2018,FY2019,FY2019 Q1,01-09-2018,22-09-2018,201809
20180923,23-09-2018,FY2019,FY2019 Q1,01-09-2018,23-09-2018,201809
20180924,24-09-2018,FY2019,FY2019 Q1,01-09-2018,24-09-2018,201809
20180925,25-09-2018,FY2019,FY2019 Q1,01-09-2018,25-09-2018,201809
20180926,26-09-2018,FY2019,FY2019 Q1,01-09-2018,26-09-2018,201809
20180927,27-09-2018,FY2019,FY2019 Q1,01-09-2018,27-09-2018,201809
20180928,28-09-2018,FY2019,FY2019 Q1,01-09-2018,28-09-2018,201809
20180929,29-09-2018,FY2019,FY2019 Q1,01-09-2018,29-09-2018,201809
20180930,30-09-2018,FY2019,FY2019 Q1,01-09-2018,30-09-2018,201809
20181001,01-10-2018,FY2019,FY2019 Q2,01-10-2018,01-10-2018,201810
20181002,02-10-2018,FY2019,FY2019 Q2,01-10-2018,02-10-2018,201810
20181003,03-10-2018,FY2019,FY2019 Q2,01-10-2018,03-10-2018,201810
20181004,04-10-2018,FY2019,FY2019 Q2,01-10-2018,04-10-2018,201810
20181005,05-10-2018,FY2019,FY2019 Q2,01-10-2018,05-10-2018,201810
20181006,06-10-2018,FY2019,FY2019 Q2,01-10-2018,06-10-2018,201810
20181007,07-10-2018,FY2019,FY2019 Q2,01-10-2018,07-10-2018,201810
20181008,08-10-2018,FY2019,FY2019 Q2,01-10-2018,08-10-2018,201810
20181009,09-10-2018,FY2019,FY2019 Q2,01-10-2018,09-10-2018,201810
20181010,10-10-2018,FY2019,FY2019 Q2,01-10-2018,10-10-2018,201810
20181011,11-10-2018,FY2019,FY2019 Q2,01-10-2018,11-10-2018,201810
20181012,12-10-2018,FY2019,FY2019 Q2,01-10-2018,12-10-2018,201810
20181013,13-10-2018,FY2019,FY2019 Q2,01-10-2018,13-10-2018,201810
20181014,14-10-2018,FY2019,FY2019 Q2,01-10-2018,14-10-2018,201810
20181015,15-10-2018,FY2019,FY2019 Q2,01-10-2018,15-10-2018,201810
20181016,16-10-2018,FY2019,FY2019 Q2,01-10-2018,16-10-2018,201810
20181017,17-10-2018,FY2019,FY2019 Q2,01-10-2018,17-10-2018,201810
20181018,18-10-2018,FY2019,FY2019 Q2,01-10-2018,18-10-2018,201810
20181019,19-10-2018,FY2019,FY2019 Q2,01-10-2018,19-10-2018,201810
20181020,20-10-2018,FY2019,FY2019 Q2,01-10-2018,20-10-2018,201810
20181021,21-10-2018,FY2019,FY2019 Q2,01-10-2018,21-10-2018,201810
20181022,22-10-2018,FY2019,FY2019 Q2,01-10-2018,22-10-2018,201810
20181023,23-10-2018,FY2019,FY2019 Q2,01-10-2018,23-10-2018,201810
20181024,24-10-2018,FY2019,FY2019 Q2,01-10-2018,24-10-2018,201810
20181025,25-10-2018,FY2019,FY2019 Q2,01-10-2018,25-10-2018,201810
20181026,26-10-2018,FY2019,FY2019 Q2,01-10-2018,26-10-2018,201810
20181027,27-10-2018,FY2019,FY2019 Q2,01-10-2018,27-10-2018,201810
20181028,28-10-2018,FY2019,FY2019 Q2,01-10-2018,28-10-2018,201810
20181029,29-10-2018,FY2019,FY2019 Q2,01-10-2018,29-10-2018,201810
20181030,30-10-2018,FY2019,FY2019 Q2,01-10-2018,30-10-2018,201810
20181031,31-10-2018,FY2019,FY2019 Q2,01-10-2018,31-10-2018,201810
20181101,01-11-2018,FY2019,FY2019 Q2,01-11-2018,01-11-2018,201811
20181102,02-11-2018,FY2019,FY2019 Q2,01-11-2018,02-11-2018,201811
20181103,03-11-2018,FY2019,FY2019 Q2,01-11-2018,03-11-2018,201811
20181104,04-11-2018,FY2019,FY2019 Q2,01-11-2018,04-11-2018,201811
20181105,05-11-2018,FY2019,FY2019 Q2,01-11-2018,05-11-2018,201811
20181106,06-11-2018,FY2019,FY2019 Q2,01-11-2018,06-11-2018,201811
20181107,07-11-2018,FY2019,FY2019 Q2,01-11-2018,07-11-2018,201811
20181108,08-11-2018,FY2019,FY2019 Q2,01-11-2018,08-11-2018,201811
20181109,09-11-2018,FY2019,FY2019 Q2,01-11-2018,09-11-2018,201811
20181110,10-11-2018,FY2019,FY2019 Q2,01-11-2018,10-11-2018,201811
20181111,11-11-2018,FY2019,FY2019 Q2,01-11-2018,11-11-2018,201811
20181112,12-11-2018,FY2019,FY2019 Q2,01-11-2018,12-11-2018,201811
20181113,13-11-2018,FY2019,FY2019 Q2,01-11-2018,13-11-2018,201811
20181114,14-11-2018,FY2019,FY2019 Q2,01-11-2018,14-11-2018,201811
20181115,15-11-2018,FY2019,FY2019 Q2,01-11-2018,15-11-2018,201811
20181116,16-11-2018,FY2019,FY2019 Q2,01-11-2018,16-11-2018,201811
20181117,17-11-2018,FY2019,FY2019 Q2,01-11-2018,17-11-2018,201811
20181118,18-11-2018,FY2019,FY2019 Q2,01-11-2018,18-11-2018,201811
20181119,19-11-2018,FY2019,FY2019 Q2,01-11-2018,19-11-2018,201811
20181120,20-11-2018,FY2019,FY2019 Q2,01-11-2018,20-11-2018,201811
20181121,21-11-2018,FY2019,FY2019 Q2,01-11-2018,21-11-2018,201811
20181122,22-11-2018,FY2019,FY2019 Q2,01-11-2018,22-11-2018,201811
20181123,23-11-2018,FY2019,FY2019 Q2,01-11-2018,23-11-2018,201811
20181124,24-11-2018,FY2019,FY2019 Q2,01-11-2018,24-11-2018,201811
20181125,25-11-2018,FY2019,FY2019 Q2,01-11-2018,25-11-2018,201811
20181126,26-11-2018,FY2019,FY2019 Q2,01-11-2018,26-11-2018,201811
20181127,27-11-2018,FY2019,FY2019 Q2,01-11-2018,27-11-2018,201811
20181128,28-11-2018,FY2019,FY2019 Q2,01-11-2018,28-11-2018,201811
20181129,29-11-2018,FY2019,FY2019 Q2,01-11-2018,29-11-2018,201811
20181130,30-11-2018,FY2019,FY2019 Q2,01-11-2018,30-11-2018,201811
20181201,01-12-2018,FY2019,FY2019 Q2,01-12-2018,01-12-2018,201812
20181202,02-12-2018,FY2019,FY2019 Q2,01-12-2018,02-12-2018,201812
20181203,03-12-2018,FY2019,FY2019 Q2,01-12-2018,03-12-2018,201812
20181204,04-12-2018,FY2019,FY2019 Q2,01-12-2018,04-12-2018,201812
20181205,05-12-2018,FY2019,FY2019 Q2,01-12-2018,05-12-2018,201812
20181206,06-12-2018,FY2019,FY2019 Q2,01-12-2018,06-12-2018,201812
20181207,07-12-2018,FY2019,FY2019 Q2,01-12-2018,07-12-2018,201812
20181208,08-12-2018,FY2019,FY2019 Q2,01-12-2018,08-12-2018,201812
20181209,09-12-2018,FY2019,FY2019 Q2,01-12-2018,09-12-2018,201812
20181210,10-12-2018,FY2019,FY2019 Q2,01-12-2018,10-12-2018,201812
20181211,11-12-2018,FY2019,FY2019 Q2,01-12-2018,11-12-2018,201812
20181212,12-12-2018,FY2019,FY2019 Q2,01-12-2018,12-12-2018,201812
20181213,13-12-2018,FY2019,FY2019 Q2,01-12-2018,13-12-2018,201812
20181214,14-12-2018,FY2019,FY2019 Q2,01-12-2018,14-12-2018,201812
20181215,15-12-2018,FY2019,FY2019 Q2,01-12-2018,15-12-2018,201812
20181216,16-12-2018,FY2019,FY2019 Q2,01-12-2018,16-12-2018,201812
20181217,17-12-2018,FY2019,FY2019 Q2,01-12-2018,17-12-2018,201812
20181218,18-12-2018,FY2019,FY2019 Q2,01-12-2018,18-12-2018,201812
20181219,19-12-2018,FY2019,FY2019 Q2,01-12-2018,19-12-2018,201812
20181220,20-12-2018,FY2019,FY2019 Q2,01-12-2018,20-12-2018,201812
20181221,21-12-2018,FY2019,FY2019 Q2,01-12-2018,21-12-2018,201812
20181222,22-12-2018,FY2019,FY2019 Q2,01-12-2018,22-12-2018,201812
20181223,23-12-2018,FY2019,FY2019 Q2,01-12-2018,23-12-2018,201812
20181224,24-12-2018,FY2019,FY2019 Q2,01-12-2018,24-12-2018,201812
20181225,25-12-2018,FY2019,FY2019 Q2,01-12-2018,25-12-2018,201812
20181226,26-12-2018,FY2019,FY2019 Q2,01-12-2018,26-12-2018,201812
20181227,27-12-2018,FY2019,FY2019 Q2,01-12-2018,27-12-2018,201812
20181228,28-12-2018,FY2019,FY2019 Q2,01-12-2018,28-12-2018,201812
20181229,29-12-2018,FY2019,FY2019 Q2,01-12-2018,29-12-2018,201812
20181230,30-12-2018,FY2019,FY2019 Q2,01-12-2018,30-12-2018,201812
20181231,31-12-2018,FY2019,FY2019 Q2,01-12-2018,31-12-2018,201812
20190101,01-01-2019,FY2019,FY2019 Q3,01-01-2019,01-01-2019,201901
20190102,02-01-2019,FY2019,FY2019 Q3,01-01-2019,02-01-2019,201901
20190103,03-01-2019,FY2019,FY2019 Q3,01-01-2019,03-01-2019,201901
20190104,04-01-2019,FY2019,FY2019 Q3,01-01-2019,04-01-2019,201901
20190105,05-01-2019,FY2019,FY2019 Q3,01-01-2019,05-01-2019,201901
20190106,06-01-2019,FY2019,FY2019 Q3,01-01-2019,06-01-2019,201901
20190107,07-01-2019,FY2019,FY2019 Q3,01-01-2019,07-01-2019,201901
20190108,08-01-2019,FY2019,FY2019 Q3,01-01-2019,08-01-2019,201901
20190109,09-01-2019,FY2019,FY2019 Q3,01-01-2019,09-01-2019,201901
20190110,10-01-2019,FY2019,FY2019 Q3,01-01-2019,10-01-2019,201901
20190111,11-01-2019,FY2019,FY2019 Q3,01-01-2019,11-01-2019,201901
20190112,12-01-2019,FY2019,FY2019 Q3,01-01-2019,12-01-2019,201901
20190113,13-01-2019,FY2019,FY2019 Q3,01-01-2019,13-01-2019,201901
20190114,14-01-2019,FY2019,FY2019 Q3,01-01-2019,14-01-2019,201901
20190115,15-01-2019,FY2019,FY2019 Q3,01-01-2019,15-01-2019,201901
20190116,16-01-2019,FY2019,FY2019 Q3,01-01-2019,16-01-2019,201901
20190117,17-01-2019,FY2019,FY2019 Q3,01-01-2019,17-01-2019,201901
20190118,18-01-2019,FY2019,FY2019 Q3,01-01-2019,18-01-2019,201901
20190119,19-01-2019,FY2019,FY2019 Q3,01-01-2019,19-01-2019,201901
20190120,20-01-2019,FY2019,FY2019 Q3,01-01-2019,20-01-2019,201901
20190121,21-01-2019,FY2019,FY2019 Q3,01-01-2019,21-01-2019,201901
20190122,22-01-2019,FY2019,FY2019 Q3,01-01-2019,22-01-2019,201901
20190123,23-01-2019,FY2019,FY2019 Q3,01-01-2019,23-01-2019,201901
20190124,24-01-2019,FY2019,FY2019 Q3,01-01-2019,24-01-2019,201901
20190125,25-01-2019,FY2019,FY2019 Q3,01-01-2019,25-01-2019,201901
20190126,26-01-2019,FY2019,FY2019 Q3,01-01-2019,26-01-2019,201901
20190127,27-01-2019,FY2019,FY2019 Q3,01-01-2019,27-01-2019,201901
20190128,28-01-2019,FY2019,FY2019 Q3,01-01-2019,28-01-2019,201901
20190129,29-01-2019,FY2019,FY2019 Q3,01-01-2019,29-01-2019,201901
20190130,30-01-2019,FY2019,FY2019 Q3,01-01-2019,30-01-2019,201901
20190131,31-01-2019,FY2019,FY2019 Q3,01-01-2019,31-01-2019,201901
20190201,01-02-2019,FY2019,FY2019 Q3,01-02-2019,01-02-2019,201902
20190202,02-02-2019,FY2019,FY2019 Q3,01-02-2019,02-02-2019,201902
20190203,03-02-2019,FY2019,FY2019 Q3,01-02-2019,03-02-2019,201902
20190204,04-02-2019,FY2019,FY2019 Q3,01-02-2019,04-02-2019,201902
20190205,05-02-2019,FY2019,FY2019 Q3,01-02-2019,05-02-2019,201902
20190206,06-02-2019,FY2019,FY2019 Q3,01-02-2019,06-02-2019,201902
20190207,07-02-2019,FY2019,FY2019 Q3,01-02-2019,07-02-2019,201902
20190208,08-02-2019,FY2019,FY2019 Q3,01-02-2019,08-02-2019,201902
20190209,09-02-2019,FY2019,FY2019 Q3,01-02-2019,09-02-2019,201902
20190210,10-02-2019,FY2019,FY2019 Q3,01-02-2019,10-02-2019,201902
20190211,11-02-2019,FY2019,FY2019 Q3,01-02-2019,11-02-2019,201902
20190212,12-02-2019,FY2019,FY2019 Q3,01-02-2019,12-02-2019,201902
20190213,13-02-2019,FY2019,FY2019 Q3,01-02-2019,13-02-2019,201902
20190214,14-02-2019,FY2019,FY2019 Q3,01-02-2019,14-02-2019,201902
20190215,15-02-2019,FY2019,FY2019 Q3,01-02-2019,15-02-2019,201902
20190216,16-02-2019,FY2019,FY2019 Q3,01-02-2019,16-02-2019,201902
20190217,17-02-2019,FY2019,FY2019 Q3,01-02-2019,17-02-2019,201902
20190218,18-02-2019,FY2019,FY2019 Q3,01-02-2019,18-02-2019,201902
20190219,19-02-2019,FY2019,FY2019 Q3,01-02-2019,19-02-2019,201902
20190220,20-02-2019,FY2019,FY2019 Q3,01-02-2019,20-02-2019,201902
20190221,21-02-2019,FY2019,FY2019 Q3,01-02-2019,21-02-2019,201902
20190222,22-02-2019,FY2019,FY2019 Q3,01-02-2019,22-02-2019,201902
20190223,23-02-2019,FY2019,FY2019 Q3,01-02-2019,23-02-2019,201902
20190224,24-02-2019,FY2019,FY2019 Q3,01-02-2019,24-02-2019,201902
20190225,25-02-2019,FY2019,FY2019 Q3,01-02-2019,25-02-2019,201902
20190226,26-02-2019,FY2019,FY2019 Q3,01-02-2019,26-02-2019,201902
20190227,27-02-2019,FY2019,FY2019 Q3,01-02-2019,27-02-2019,201902
20190228,28-02-2019,FY2019,FY2019 Q3,01-02-2019,28-02-2019,201902
20190301,01-03-2019,FY2019,FY2019 Q3,01-03-2019,01-03-2019,201903
20190302,02-03-2019,FY2019,FY2019 Q3,01-03-2019,02-03-2019,201903
20190303,03-03-2019,FY2019,FY2019 Q3,01-03-2019,03-03-2019,201903
20190304,04-03-2019,FY2019,FY2019 Q3,01-03-2019,04-03-2019,201903
20190305,05-03-2019,FY2019,FY2019 Q3,01-03-2019,05-03-2019,201903
20190306,06-03-2019,FY2019,FY2019 Q3,01-03-2019,06-03-2019,201903
20190307,07-03-2019,FY2019,FY2019 Q3,01-03-2019,07-03-2019,201903
20190308,08-03-2019,FY2019,FY2019 Q3,01-03-2019,08-03-2019,201903
20190309,09-03-2019,FY2019,FY2019 Q3,01-03-2019,09-03-2019,201903
20190310,10-03-2019,FY2019,FY2019 Q3,01-03-2019,10-03-2019,201903
20190311,11-03-2019,FY2019,FY2019 Q3,01-03-2019,11-03-2019,201903
20190312,12-03-2019,FY2019,FY2019 Q3,01-03-2019,12-03-2019,201903
20190313,13-03-2019,FY2019,FY2019 Q3,01-03-2019,13-03-2019,201903
20190314,14-03-2019,FY2019,FY2019 Q3,01-03-2019,14-03-2019,201903
20190315,15-03-2019,FY2019,FY2019 Q3,01-03-2019,15-03-2019,201903
20190316,16-03-2019,FY2019,FY2019 Q3,01-03-2019,16-03-2019,201903
20190317,17-03-2019,FY2019,FY2019 Q3,01-03-2019,17-03-2019,201903
20190318,18-03-2019,FY2019,FY2019 Q3,01-03-2019,18-03-2019,201903
20190319,19-03-2019,FY2019,FY2019 Q3,01-03-2019,19-03-2019,201903
20190320,20-03-2019,FY2019,FY2019 Q3,01-03-2019,20-03-2019,201903
20190321,21-03-2019,FY2019,FY2019 Q3,01-03-2019,21-03-2019,201903
20190322,22-03-2019,FY2019,FY2019 Q3,01-03-2019,22-03-2019,201903
20190323,23-03-2019,FY2019,FY2019 Q3,01-03-2019,23-03-2019,201903
20190324,24-03-2019,FY2019,FY2019 Q3,01-03-2019,24-03-2019,201903
20190325,25-03-2019,FY2019,FY2019 Q3,01-03-2019,25-03-2019,201903
20190326,26-03-2019,FY2019,FY2019 Q3,01-03-2019,26-03-2019,201903
20190327,27-03-2019,FY2019,FY2019 Q3,01-03-2019,27-03-2019,201903
20190328,28-03-2019,FY2019,FY2019 Q3,01-03-2019,28-03-2019,201903
20190329,29-03-2019,FY2019,FY2019 Q3,01-03-2019,29-03-2019,201903
20190330,30-03-2019,FY2019,FY2019 Q3,01-03-2019,30-03-2019,201903
20190331,31-03-2019,FY2019,FY2019 Q3,01-03-2019,31-03-2019,201903
20190401,01-04-2019,FY2019,FY2019 Q4,01-04-2019,01-04-2019,201904
20190402,02-04-2019,FY2019,FY2019 Q4,01-04-2019,02-04-2019,201904
20190403,03-04-2019,FY2019,FY2019 Q4,01-04-2019,03-04-2019,201904
20190404,04-04-2019,FY2019,FY2019 Q4,01-04-2019,04-04-2019,201904
20190405,05-04-2019,FY2019,FY2019 Q4,01-04-2019,05-04-2019,201904
20190406,06-04-2019,FY2019,FY2019 Q4,01-04-2019,06-04-2019,201904
20190407,07-04-2019,FY2019,FY2019 Q4,01-04-2019,07-04-2019,201904
20190408,08-04-2019,FY2019,FY2019 Q4,01-04-2019,08-04-2019,201904
20190409,09-04-2019,FY2019,FY2019 Q4,01-04-2019,09-04-2019,201904
20190410,10-04-2019,FY2019,FY2019 Q4,01-04-2019,10-04-2019,201904
20190411,11-04-2019,FY2019,FY2019 Q4,01-04-2019,11-04-2019,201904
20190412,12-04-2019,FY2019,FY2019 Q4,01-04-2019,12-04-2019,201904
20190413,13-04-2019,FY2019,FY2019 Q4,01-04-2019,13-04-2019,201904
20190414,14-04-2019,FY2019,FY2019 Q4,01-04-2019,14-04-2019,201904
20190415,15-04-2019,FY2019,FY2019 Q4,01-04-2019,15-04-2019,201904
20190416,16-04-2019,FY2019,FY2019 Q4,01-04-2019,16-04-2019,201904
20190417,17-04-2019,FY2019,FY2019 Q4,01-04-2019,17-04-2019,201904
20190418,18-04-2019,FY2019,FY2019 Q4,01-04-2019,18-04-2019,201904
20190419,19-04-2019,FY2019,FY2019 Q4,01-04-2019,19-04-2019,201904
20190420,20-04-2019,FY2019,FY2019 Q4,01-04-2019,20-04-2019,201904
20190421,21-04-2019,FY2019,FY2019 Q4,01-04-2019,21-04-2019,201904
20190422,22-04-2019,FY2019,FY2019 Q4,01-04-2019,22-04-2019,201904
20190423,23-04-2019,FY2019,FY2019 Q4,01-04-2019,23-04-2019,201904
20190424,24-04-2019,FY2019,FY2019 Q4,01-04-2019,24-04-2019,201904
20190425,25-04-2019,FY2019,FY2019 Q4,01-04-2019,25-04-2019,201904
20190426,26-04-2019,FY2019,FY2019 Q4,01-04-2019,26-04-2019,201904
20190427,27-04-2019,FY2019,FY2019 Q4,01-04-2019,27-04-2019,201904
20190428,28-04-2019,FY2019,FY2019 Q4,01-04-2019,28-04-2019,201904
20190429,29-04-2019,FY2019,FY2019 Q4,01-04-2019,29-04-2019,201904
20190430,30-04-2019,FY2019,FY2019 Q4,01-04-2019,30-04-2019,201904
20190501,01-05-2019,FY2019,FY2019 Q4,01-05-2019,01-05-2019,201905
20190502,02-05-2019,FY2019,FY2019 Q4,01-05-2019,02-05-2019,201905
20190503,03-05-2019,FY2019,FY2019 Q4,01-05-2019,03-05-2019,201905
20190504,04-05-2019,FY2019,FY2019 Q4,01-05-2019,04-05-2019,201905
20190505,05-05-2019,FY2019,FY2019 Q4,01-05-2019,05-05-2019,201905
20190506,06-05-2019,FY2019,FY2019 Q4,01-05-2019,06-05-2019,201905
20190507,07-05-2019,FY2019,FY2019 Q4,01-05-2019,07-05-2019,201905
20190508,08-05-2019,FY2019,FY2019 Q4,01-05-2019,08-05-2019,201905
20190509,09-05-2019,FY2019,FY2019 Q4,01-05-2019,09-05-2019,201905
20190510,10-05-2019,FY2019,FY2019 Q4,01-05-2019,10-05-2019,201905
20190511,11-05-2019,FY2019,FY2019 Q4,01-05-2019,11-05-2019,201905
20190512,12-05-2019,FY2019,FY2019 Q4,01-05-2019,12-05-2019,201905
20190513,13-05-2019,FY2019,FY2019 Q4,01-05-2019,13-05-2019,201905
20190514,14-05-2019,FY2019,FY2019 Q4,01-05-2019,14-05-2019,201905
20190515,15-05-2019,FY2019,FY2019 Q4,01-05-2019,15-05-2019,201905
20190516,16-05-2019,FY2019,FY2019 Q4,01-05-2019,16-05-2019,201905
20190517,17-05-2019,FY2019,FY2019 Q4,01-05-2019,17-05-2019,201905
20190518,18-05-2019,FY2019,FY2019 Q4,01-05-2019,18-05-2019,201905
20190519,19-05-2019,FY2019,FY2019 Q4,01-05-2019,19-05-2019,201905
20190520,20-05-2019,FY2019,FY2019 Q4,01-05-2019,20-05-2019,201905
20190521,21-05-2019,FY2019,FY2019 Q4,01-05-2019,21-05-2019,201905
20190522,22-05-2019,FY2019,FY2019 Q4,01-05-2019,22-05-2019,201905
20190523,23-05-2019,FY2019,FY2019 Q4,01-05-2019,23-05-2019,201905
20190524,24-05-2019,FY2019,FY2019 Q4,01-05-2019,24-05-2019,201905
20190525,25-05-2019,FY2019,FY2019 Q4,01-05-2019,25-05-2019,201905
20190526,26-05-2019,FY2019,FY2019 Q4,01-05-2019,26-05-2019,201905
20190527,27-05-2019,FY2019,FY2019 Q4,01-05-2019,27-05-2019,201905
20190528,28-05-2019,FY2019,FY2019 Q4,01-05-2019,28-05-2019,201905
20190529,29-05-2019,FY2019,FY2019 Q4,01-05-2019,29-05-2019,201905
20190530,30-05-2019,FY2019,FY2019 Q4,01-05-2019,30-05-2019,201905
20190531,31-05-2019,FY2019,FY2019 Q4,01-05-2019,31-05-2019,201905
20190601,01-06-2019,FY2019,FY2019 Q4,01-06-2019,01-06-2019,201906
20190602,02-06-2019,FY2019,FY2019 Q4,01-06-2019,02-06-2019,201906
20190603,03-06-2019,FY2019,FY2019 Q4,01-06-2019,03-06-2019,201906
20190604,04-06-2019,FY2019,FY2019 Q4,01-06-2019,04-06-2019,201906
20190605,05-06-2019,FY2019,FY2019 Q4,01-06-2019,05-06-2019,201906
20190606,06-06-2019,FY2019,FY2019 Q4,01-06-2019,06-06-2019,201906
20190607,07-06-2019,FY2019,FY2019 Q4,01-06-2019,07-06-2019,201906
20190608,08-06-2019,FY2019,FY2019 Q4,01-06-2019,08-06-2019,201906
20190609,09-06-2019,FY2019,FY2019 Q4,01-06-2019,09-06-2019,201906
20190610,10-06-2019,FY2019,FY2019 Q4,01-06-2019,10-06-2019,201906
20190611,11-06-2019,FY2019,FY2019 Q4,01-06-2019,11-06-2019,201906
20190612,12-06-2019,FY2019,FY2019 Q4,01-06-2019,12-06-2019,201906
20190613,13-06-2019,FY2019,FY2019 Q4,01-06-2019,13-06-2019,201906
20190614,14-06-2019,FY2019,FY2019 Q4,01-06-2019,14-06-2019,201906
20190615,15-06-2019,FY2019,FY2019 Q4,01-06-2019,15-06-2019,201906
20190616,16-06-2019,FY2019,FY2019 Q4,01-06-2019,16-06-2019,201906
20190617,17-06-2019,FY2019,FY2019 Q4,01-06-2019,17-06-2019,201906
20190618,18-06-2019,FY2019,FY2019 Q4,01-06-2019,18-06-2019,201906
20190619,19-06-2019,FY2019,FY2019 Q4,01-06-2019,19-06-2019,201906
20190620,20-06-2019,FY2019,FY2019 Q4,01-06-2019,20-06-2019,201906
20190621,21-06-2019,FY2019,FY2019 Q4,01-06-2019,21-06-2019,201906
20190622,22-06-2019,FY2019,FY2019 Q4,01-06-2019,22-06-2019,201906
20190623,23-06-2019,FY2019,FY2019 Q4,01-06-2019,23-06-2019,201906
20190624,24-06-2019,FY2019,FY2019 Q4,01-06-2019,24-06-2019,201906
20190625,25-06-2019,FY2019,FY2019 Q4,01-06-2019,25-06-2019,201906
20190626,26-06-2019,FY2019,FY2019 Q4,01-06-2019,26-06-2019,201906
20190627,27-06-2019,FY2019,FY2019 Q4,01-06-2019,27-06-2019,201906
20190628,28-06-2019,FY2019,FY2019 Q4,01-06-2019,28-06-2019,201906
20190629,29-06-2019,FY2019,FY2019 Q4,01-06-2019,29-06-2019,201906
20190630,30-06-2019,FY2019,FY2019 Q4,01-06-2019,30-06-2019,201906
20190701,01-07-2019,FY2020,FY2020 Q1,01-07-2019,01-07-2019,201907
20190702,02-07-2019,FY2020,FY2020 Q1,01-07-2019,02-07-2019,201907
20190703,03-07-2019,FY2020,FY2020 Q1,01-07-2019,03-07-2019,201907
20190704,04-07-2019,FY2020,FY2020 Q1,01-07-2019,04-07-2019,201907
20190705,05-07-2019,FY2020,FY2020 Q1,01-07-2019,05-07-2019,201907
20190706,06-07-2019,FY2020,FY2020 Q1,01-07-2019,06-07-2019,201907
20190707,07-07-2019,FY2020,FY2020 Q1,01-07-2019,07-07-2019,201907
20190708,08-07-2019,FY2020,FY2020 Q1,01-07-2019,08-07-2019,201907
20190709,09-07-2019,FY2020,FY2020 Q1,01-07-2019,09-07-2019,201907
20190710,10-07-2019,FY2020,FY2020 Q1,01-07-2019,10-07-2019,201907
20190711,11-07-2019,FY2020,FY2020 Q1,01-07-2019,11-07-2019,201907
20190712,12-07-2019,FY2020,FY2020 Q1,01-07-2019,12-07-2019,201907
20190713,13-07-2019,FY2020,FY2020 Q1,01-07-2019,13-07-2019,201907
20190714,14-07-2019,FY2020,FY2020 Q1,01-07-2019,14-07-2019,201907
20190715,15-07-2019,FY2020,FY2020 Q1,01-07-2019,15-07-2019,201907
20190716,16-07-2019,FY2020,FY2020 Q1,01-07-2019,16-07-2019,201907
20190717,17-07-2019,FY2020,FY2020 Q1,01-07-2019,17-07-2019,201907
20190718,18-07-2019,FY2020,FY2020 Q1,01-07-2019,18-07-2019,201907
20190719,19-07-2019,FY2020,FY2020 Q1,01-07-2019,19-07-2019,201907
20190720,20-07-2019,FY2020,FY2020 Q1,01-07-2019,20-07-2019,201907
20190721,21-07-2019,FY2020,FY2020 Q1,01-07-2019,21-07-2019,201907
20190722,22-07-2019,FY2020,FY2020 Q1,01-07-2019,22-07-2019,201907
20190723,23-07-2019,FY2020,FY2020 Q1,01-07-2019,23-07-2019,201907
20190724,24-07-2019,FY2020,FY2020 Q1,01-07-2019,24-07-2019,201907
20190725,25-07-2019,FY2020,FY2020 Q1,01-07-2019,25-07-2019,201907
20190726,26-07-2019,FY2020,FY2020 Q1,01-07-2019,26-07-2019,201907
20190727,27-07-2019,FY2020,FY2020 Q1,01-07-2019,27-07-2019,201907
20190728,28-07-2019,FY2020,FY2020 Q1,01-07-2019,28-07-2019,201907
20190729,29-07-2019,FY2020,FY2020 Q1,01-07-2019,29-07-2019,201907
20190730,30-07-2019,FY2020,FY2020 Q1,01-07-2019,30-07-2019,201907
20190731,31-07-2019,FY2020,FY2020 Q1,01-07-2019,31-07-2019,201907
20190801,01-08-2019,FY2020,FY2020 Q1,01-08-2019,01-08-2019,201908
20190802,02-08-2019,FY2020,FY2020 Q1,01-08-2019,02-08-2019,201908
20190803,03-08-2019,FY2020,FY2020 Q1,01-08-2019,03-08-2019,201908
20190804,04-08-2019,FY2020,FY2020 Q1,01-08-2019,04-08-2019,201908
20190805,05-08-2019,FY2020,FY2020 Q1,01-08-2019,05-08-2019,201908
20190806,06-08-2019,FY2020,FY2020 Q1,01-08-2019,06-08-2019,201908
20190807,07-08-2019,FY2020,FY2020 Q1,01-08-2019,07-08-2019,201908
20190808,08-08-2019,FY2020,FY2020 Q1,01-08-2019,08-08-2019,201908
20190809,09-08-2019,FY2020,FY2020 Q1,01-08-2019,09-08-2019,201908
20190810,10-08-2019,FY2020,FY2020 Q1,01-08-2019,10-08-2019,201908
20190811,11-08-2019,FY2020,FY2020 Q1,01-08-2019,11-08-2019,201908
20190812,12-08-2019,FY2020,FY2020 Q1,01-08-2019,12-08-2019,201908
20190813,13-08-2019,FY2020,FY2020 Q1,01-08-2019,13-08-2019,201908
20190814,14-08-2019,FY2020,FY2020 Q1,01-08-2019,14-08-2019,201908
20190815,15-08-2019,FY2020,FY2020 Q1,01-08-2019,15-08-2019,201908
20190816,16-08-2019,FY2020,FY2020 Q1,01-08-2019,16-08-2019,201908
20190817,17-08-2019,FY2020,FY2020 Q1,01-08-2019,17-08-2019,201908
20190818,18-08-2019,FY2020,FY2020 Q1,01-08-2019,18-08-2019,201908
20190819,19-08-2019,FY2020,FY2020 Q1,01-08-2019,19-08-2019,201908
20190820,20-08-2019,FY2020,FY2020 Q1,01-08-2019,20-08-2019,201908
20190821,21-08-2019,FY2020,FY2020 Q1,01-08-2019,21-08-2019,201908
20190822,22-08-2019,FY2020,FY2020 Q1,01-08-2019,22-08-2019,201908
20190823,23-08-2019,FY2020,FY2020 Q1,01-08-2019,23-08-2019,201908
20190824,24-08-2019,FY2020,FY2020 Q1,01-08-2019,24-08-2019,201908
20190825,25-08-2019,FY2020,FY2020 Q1,01-08-2019,25-08-2019,201908
20190826,26-08-2019,FY2020,FY2020 Q1,01-08-2019,26-08-2019,201908
20190827,27-08-2019,FY2020,FY2020 Q1,01-08-2019,27-08-2019,201908
20190828,28-08-2019,FY2020,FY2020 Q1,01-08-2019,28-08-2019,201908
20190829,29-08-2019,FY2020,FY2020 Q1,01-08-2019,29-08-2019,201908
20190830,30-08-2019,FY2020,FY2020 Q1,01-08-2019,30-08-2019,201908
20190831,31-08-2019,FY2020,FY2020 Q1,01-08-2019,31-08-2019,201908
20190901,01-09-2019,FY2020,FY2020 Q1,01-09-2019,01-09-2019,201909
20190902,02-09-2019,FY2020,FY2020 Q1,01-09-2019,02-09-2019,201909
20190903,03-09-2019,FY2020,FY2020 Q1,01-09-2019,03-09-2019,201909
20190904,04-09-2019,FY2020,FY2020 Q1,01-09-2019,04-09-2019,201909
20190905,05-09-2019,FY2020,FY2020 Q1,01-09-2019,05-09-2019,201909
20190906,06-09-2019,FY2020,FY2020 Q1,01-09-2019,06-09-2019,201909
20190907,07-09-2019,FY2020,FY2020 Q1,01-09-2019,07-09-2019,201909
20190908,08-09-2019,FY2020,FY2020 Q1,01-09-2019,08-09-2019,201909
20190909,09-09-2019,FY2020,FY2020 Q1,01-09-2019,09-09-2019,201909
20190910,10-09-2019,FY2020,FY2020 Q1,01-09-2019,10-09-2019,201909
20190911,11-09-2019,FY2020,FY2020 Q1,01-09-2019,11-09-2019,201909
20190912,12-09-2019,FY2020,FY2020 Q1,01-09-2019,12-09-2019,201909
20190913,13-09-2019,FY2020,FY2020 Q1,01-09-2019,13-09-2019,201909
20190914,14-09-2019,FY2020,FY2020 Q1,01-09-2019,14-09-2019,201909
20190915,15-09-2019,FY2020,FY2020 Q1,01-09-2019,15-09-2019,201909
20190916,16-09-2019,FY2020,FY2020 Q1,01-09-2019,16-09-2019,201909
20190917,17-09-2019,FY2020,FY2020 Q1,01-09-2019,17-09-2019,201909
20190918,18-09-2019,FY2020,FY2020 Q1,01-09-2019,18-09-2019,201909
20190919,19-09-2019,FY2020,FY2020 Q1,01-09-2019,19-09-2019,201909
20190920,20-09-2019,FY2020,FY2020 Q1,01-09-2019,20-09-2019,201909
20190921,21-09-2019,FY2020,FY2020 Q1,01-09-2019,21-09-2019,201909
20190922,22-09-2019,FY2020,FY2020 Q1,01-09-2019,22-09-2019,201909
20190923,23-09-2019,FY2020,FY2020 Q1,01-09-2019,23-09-2019,201909
20190924,24-09-2019,FY2020,FY2020 Q1,01-09-2019,24-09-2019,201909
20190925,25-09-2019,FY2020,FY2020 Q1,01-09-2019,25-09-2019,201909
20190926,26-09-2019,FY2020,FY2020 Q1,01-09-2019,26-09-2019,201909
20190927,27-09-2019,FY2020,FY2020 Q1,01-09-2019,27-09-2019,201909
20190928,28-09-2019,FY2020,FY2020 Q1,01-09-2019,28-09-2019,201909
20190929,29-09-2019,FY2020,FY2020 Q1,01-09-2019,29-09-2019,201909
20190930,30-09-2019,FY2020,FY2020 Q1,01-09-2019,30-09-2019,201909
20191001,01-10-2019,FY2020,FY2020 Q2,01-10-2019,01-10-2019,201910
20191002,02-10-2019,FY2020,FY2020 Q2,01-10-2019,02-10-2019,201910
20191003,03-10-2019,FY2020,FY2020 Q2,01-10-2019,03-10-2019,201910
20191004,04-10-2019,FY2020,FY2020 Q2,01-10-2019,04-10-2019,201910
20191005,05-10-2019,FY2020,FY2020 Q2,01-10-2019,05-10-2019,201910
20191006,06-10-2019,FY2020,FY2020 Q2,01-10-2019,06-10-2019,201910
20191007,07-10-2019,FY2020,FY2020 Q2,01-10-2019,07-10-2019,201910
20191008,08-10-2019,FY2020,FY2020 Q2,01-10-2019,08-10-2019,201910
20191009,09-10-2019,FY2020,FY2020 Q2,01-10-2019,09-10-2019,201910
20191010,10-10-2019,FY2020,FY2020 Q2,01-10-2019,10-10-2019,201910
20191011,11-10-2019,FY2020,FY2020 Q2,01-10-2019,11-10-2019,201910
20191012,12-10-2019,FY2020,FY2020 Q2,01-10-2019,12-10-2019,201910
20191013,13-10-2019,FY2020,FY2020 Q2,01-10-2019,13-10-2019,201910
20191014,14-10-2019,FY2020,FY2020 Q2,01-10-2019,14-10-2019,201910
20191015,15-10-2019,FY2020,FY2020 Q2,01-10-2019,15-10-2019,201910
20191016,16-10-2019,FY2020,FY2020 Q2,01-10-2019,16-10-2019,201910
20191017,17-10-2019,FY2020,FY2020 Q2,01-10-2019,17-10-2019,201910
20191018,18-10-2019,FY2020,FY2020 Q2,01-10-2019,18-10-2019,201910
20191019,19-10-2019,FY2020,FY2020 Q2,01-10-2019,19-10-2019,201910
20191020,20-10-2019,FY2020,FY2020 Q2,01-10-2019,20-10-2019,201910
20191021,21-10-2019,FY2020,FY2020 Q2,01-10-2019,21-10-2019,201910
20191022,22-10-2019,FY2020,FY2020 Q2,01-10-2019,22-10-2019,201910
20191023,23-10-2019,FY2020,FY2020 Q2,01-10-2019,23-10-2019,201910
20191024,24-10-2019,FY2020,FY2020 Q2,01-10-2019,24-10-2019,201910
20191025,25-10-2019,FY2020,FY2020 Q2,01-10-2019,25-10-2019,201910
20191026,26-10-2019,FY2020,FY2020 Q2,01-10-2019,26-10-2019,201910
20191027,27-10-2019,FY2020,FY2020 Q2,01-10-2019,27-10-2019,201910
20191028,28-10-2019,FY2020,FY2020 Q2,01-10-2019,28-10-2019,201910
20191029,29-10-2019,FY2020,FY2020 Q2,01-10-2019,29-10-2019,201910
20191030,30-10-2019,FY2020,FY2020 Q2,01-10-2019,30-10-2019,201910
20191031,31-10-2019,FY2020,FY2020 Q2,01-10-2019,31-10-2019,201910
20191101,01-11-2019,FY2020,FY2020 Q2,01-11-2019,01-11-2019,201911
20191102,02-11-2019,FY2020,FY2020 Q2,01-11-2019,02-11-2019,201911
20191103,03-11-2019,FY2020,FY2020 Q2,01-11-2019,03-11-2019,201911
20191104,04-11-2019,FY2020,FY2020 Q2,01-11-2019,04-11-2019,201911
20191105,05-11-2019,FY2020,FY2020 Q2,01-11-2019,05-11-2019,201911
20191106,06-11-2019,FY2020,FY2020 Q2,01-11-2019,06-11-2019,201911
20191107,07-11-2019,FY2020,FY2020 Q2,01-11-2019,07-11-2019,201911
20191108,08-11-2019,FY2020,FY2020 Q2,01-11-2019,08-11-2019,201911
20191109,09-11-2019,FY2020,FY2020 Q2,01-11-2019,09-11-2019,201911
20191110,10-11-2019,FY2020,FY2020 Q2,01-11-2019,10-11-2019,201911
20191111,11-11-2019,FY2020,FY2020 Q2,01-11-2019,11-11-2019,201911
20191112,12-11-2019,FY2020,FY2020 Q2,01-11-2019,12-11-2019,201911
20191113,13-11-2019,FY2020,FY2020 Q2,01-11-2019,13-11-2019,201911
20191114,14-11-2019,FY2020,FY2020 Q2,01-11-2019,14-11-2019,201911
20191115,15-11-2019,FY2020,FY2020 Q2,01-11-2019,15-11-2019,201911
20191116,16-11-2019,FY2020,FY2020 Q2,01-11-2019,16-11-2019,201911
20191117,17-11-2019,FY2020,FY2020 Q2,01-11-2019,17-11-2019,201911
20191118,18-11-2019,FY2020,FY2020 Q2,01-11-2019,18-11-2019,201911
20191119,19-11-2019,FY2020,FY2020 Q2,01-11-2019,19-11-2019,201911
20191120,20-11-2019,FY2020,FY2020 Q2,01-11-2019,20-11-2019,201911
20191121,21-11-2019,FY2020,FY2020 Q2,01-11-2019,21-11-2019,201911
20191122,22-11-2019,FY2020,FY2020 Q2,01-11-2019,22-11-2019,201911
20191123,23-11-2019,FY2020,FY2020 Q2,01-11-2019,23-11-2019,201911
20191124,24-11-2019,FY2020,FY2020 Q2,01-11-2019,24-11-2019,201911
20191125,25-11-2019,FY2020,FY2020 Q2,01-11-2019,25-11-2019,201911
20191126,26-11-2019,FY2020,FY2020 Q2,01-11-2019,26-11-2019,201911
20191127,27-11-2019,FY2020,FY2020 Q2,01-11-2019,27-11-2019,201911
20191128,28-11-2019,FY2020,FY2020 Q2,01-11-2019,28-11-2019,201911
20191129,29-11-2019,FY2020,FY2020 Q2,01-11-2019,29-11-2019,201911
20191130,30-11-2019,FY2020,FY2020 Q2,01-11-2019,30-11-2019,201911
20191201,01-12-2019,FY2020,FY2020 Q2,01-12-2019,01-12-2019,201912
20191202,02-12-2019,FY2020,FY2020 Q2,01-12-2019,02-12-2019,201912
20191203,03-12-2019,FY2020,FY2020 Q2,01-12-2019,03-12-2019,201912
20191204,04-12-2019,FY2020,FY2020 Q2,01-12-2019,04-12-2019,201912
20191205,05-12-2019,FY2020,FY2020 Q2,01-12-2019,05-12-2019,201912
20191206,06-12-2019,FY2020,FY2020 Q2,01-12-2019,06-12-2019,201912
20191207,07-12-2019,FY2020,FY2020 Q2,01-12-2019,07-12-2019,201912
20191208,08-12-2019,FY2020,FY2020 Q2,01-12-2019,08-12-2019,201912
20191209,09-12-2019,FY2020,FY2020 Q2,01-12-2019,09-12-2019,201912
20191210,10-12-2019,FY2020,FY2020 Q2,01-12-2019,10-12-2019,201912
20191211,11-12-2019,FY2020,FY2020 Q2,01-12-2019,11-12-2019,201912
20191212,12-12-2019,FY2020,FY2020 Q2,01-12-2019,12-12-2019,201912
20191213,13-12-2019,FY2020,FY2020 Q2,01-12-2019,13-12-2019,201912
20191214,14-12-2019,FY2020,FY2020 Q2,01-12-2019,14-12-2019,201912
20191215,15-12-2019,FY2020,FY2020 Q2,01-12-2019,15-12-2019,201912
20191216,16-12-2019,FY2020,FY2020 Q2,01-12-2019,16-12-2019,201912
20191217,17-12-2019,FY2020,FY2020 Q2,01-12-2019,17-12-2019,201912
20191218,18-12-2019,FY2020,FY2020 Q2,01-12-2019,18-12-2019,201912
20191219,19-12-2019,FY2020,FY2020 Q2,01-12-2019,19-12-2019,201912
20191220,20-12-2019,FY2020,FY2020 Q2,01-12-2019,20-12-2019,201912
20191221,21-12-2019,FY2020,FY2020 Q2,01-12-2019,21-12-2019,201912
20191222,22-12-2019,FY2020,FY2020 Q2,01-12-2019,22-12-2019,201912
20191223,23-12-2019,FY2020,FY2020 Q2,01-12-2019,23-12-2019,201912
20191224,24-12-2019,FY2020,FY2020 Q2,01-12-2019,24-12-2019,201912
20191225,25-12-2019,FY2020,FY2020 Q2,01-12-2019,25-12-2019,201912
20191226,26-12-2019,FY2020,FY2020 Q2,01-12-2019,26-12-2019,201912
20191227,27-12-2019,FY2020,FY2020 Q2,01-12-2019,27-12-2019,201912
20191228,28-12-2019,FY2020,FY2020 Q2,01-12-2019,28-12-2019,201912
20191229,29-12-2019,FY2020,FY2020 Q2,01-12-2019,29-12-2019,201912
20191230,30-12-2019,FY2020,FY2020 Q2,01-12-2019,30-12-2019,201912
20191231,31-12-2019,FY2020,FY2020 Q2,01-12-2019,31-12-2019,201912
20200101,01-01-2020,FY2020,FY2020 Q3,01-01-2020,01-01-2020,202001
20200102,02-01-2020,FY2020,FY2020 Q3,01-01-2020,02-01-2020,202001
20200103,03-01-2020,FY2020,FY2020 Q3,01-01-2020,03-01-2020,202001
20200104,04-01-2020,FY2020,FY2020 Q3,01-01-2020,04-01-2020,202001
20200105,05-01-2020,FY2020,FY2020 Q3,01-01-2020,05-01-2020,202001
20200106,06-01-2020,FY2020,FY2020 Q3,01-01-2020,06-01-2020,202001
20200107,07-01-2020,FY2020,FY2020 Q3,01-01-2020,07-01-2020,202001
20200108,08-01-2020,FY2020,FY2020 Q3,01-01-2020,08-01-2020,202001
20200109,09-01-2020,FY2020,FY2020 Q3,01-01-2020,09-01-2020,202001
20200110,10-01-2020,FY2020,FY2020 Q3,01-01-2020,10-01-2020,202001
20200111,11-01-2020,FY2020,FY2020 Q3,01-01-2020,11-01-2020,202001
20200112,12-01-2020,FY2020,FY2020 Q3,01-01-2020,12-01-2020,202001
20200113,13-01-2020,FY2020,FY2020 Q3,01-01-2020,13-01-2020,202001
20200114,14-01-2020,FY2020,FY2020 Q3,01-01-2020,14-01-2020,202001
20200115,15-01-2020,FY2020,FY2020 Q3,01-01-2020,15-01-2020,202001
20200116,16-01-2020,FY2020,FY2020 Q3,01-01-2020,16-01-2020,202001
20200117,17-01-2020,FY2020,FY2020 Q3,01-01-2020,17-01-2020,202001
20200118,18-01-2020,FY2020,FY2020 Q3,01-01-2020,18-01-2020,202001
20200119,19-01-2020,FY2020,FY2020 Q3,01-01-2020,19-01-2020,202001
20200120,20-01-2020,FY2020,FY2020 Q3,01-01-2020,20-01-2020,202001
20200121,21-01-2020,FY2020,FY2020 Q3,01-01-2020,21-01-2020,202001
20200122,22-01-2020,FY2020,FY2020 Q3,01-01-2020,22-01-2020,202001
20200123,23-01-2020,FY2020,FY2020 Q3,01-01-2020,23-01-2020,202001
20200124,24-01-2020,FY2020,FY2020 Q3,01-01-2020,24-01-2020,202001
20200125,25-01-2020,FY2020,FY2020 Q3,01-01-2020,25-01-2020,202001
20200126,26-01-2020,FY2020,FY2020 Q3,01-01-2020,26-01-2020,202001
20200127,27-01-2020,FY2020,FY2020 Q3,01-01-2020,27-01-2020,202001
20200128,28-01-2020,FY2020,FY2020 Q3,01-01-2020,28-01-2020,202001
20200129,29-01-2020,FY2020,FY2020 Q3,01-01-2020,29-01-2020,202001
20200130,30-01-2020,FY2020,FY2020 Q3,01-01-2020,30-01-2020,202001
20200131,31-01-2020,FY2020,FY2020 Q3,01-01-2020,31-01-2020,202001
20200201,01-02-2020,FY2020,FY2020 Q3,01-02-2020,01-02-2020,202002
20200202,02-02-2020,FY2020,FY2020 Q3,01-02-2020,02-02-2020,202002
20200203,03-02-2020,FY2020,FY2020 Q3,01-02-2020,03-02-2020,202002
20200204,04-02-2020,FY2020,FY2020 Q3,01-02-2020,04-02-2020,202002
20200205,05-02-2020,FY2020,FY2020 Q3,01-02-2020,05-02-2020,202002
20200206,06-02-2020,FY2020,FY2020 Q3,01-02-2020,06-02-2020,202002
20200207,07-02-2020,FY2020,FY2020 Q3,01-02-2020,07-02-2020,202002
20200208,08-02-2020,FY2020,FY2020 Q3,01-02-2020,08-02-2020,202002
20200209,09-02-2020,FY2020,FY2020 Q3,01-02-2020,09-02-2020,202002
20200210,10-02-2020,FY2020,FY2020 Q3,01-02-2020,10-02-2020,202002
20200211,11-02-2020,FY2020,FY2020 Q3,01-02-2020,11-02-2020,202002
20200212,12-02-2020,FY2020,FY2020 Q3,01-02-2020,12-02-2020,202002
20200213,13-02-2020,FY2020,FY2020 Q3,01-02-2020,13-02-2020,202002
20200214,14-02-2020,FY2020,FY2020 Q3,01-02-2020,14-02-2020,202002
20200215,15-02-2020,FY2020,FY2020 Q3,01-02-2020,15-02-2020,202002
20200216,16-02-2020,FY2020,FY2020 Q3,01-02-2020,16-02-2020,202002
20200217,17-02-2020,FY2020,FY2020 Q3,01-02-2020,17-02-2020,202002
20200218,18-02-2020,FY2020,FY2020 Q3,01-02-2020,18-02-2020,202002
20200219,19-02-2020,FY2020,FY2020 Q3,01-02-2020,19-02-2020,202002
20200220,20-02-2020,FY2020,FY2020 Q3,01-02-2020,20-02-2020,202002
20200221,21-02-2020,FY2020,FY2020 Q3,01-02-2020,21-02-2020,202002
20200222,22-02-2020,FY2020,FY2020 Q3,01-02-2020,22-02-2020,202002
20200223,23-02-2020,FY2020,FY2020 Q3,01-02-2020,23-02-2020,202002
20200224,24-02-2020,FY2020,FY2020 Q3,01-02-2020,24-02-2020,202002
20200225,25-02-2020,FY2020,FY2020 Q3,01-02-2020,25-02-2020,202002
20200226,26-02-2020,FY2020,FY2020 Q3,01-02-2020,26-02-2020,202002
20200227,27-02-2020,FY2020,FY2020 Q3,01-02-2020,27-02-2020,202002
20200228,28-02-2020,FY2020,FY2020 Q3,01-02-2020,28-02-2020,202002
20200229,29-02-2020,FY2020,FY2020 Q3,01-02-2020,29-02-2020,202002
20200301,01-03-2020,FY2020,FY2020 Q3,01-03-2020,01-03-2020,202003
20200302,02-03-2020,FY2020,FY2020 Q3,01-03-2020,02-03-2020,202003
20200303,03-03-2020,FY2020,FY2020 Q3,01-03-2020,03-03-2020,202003
20200304,04-03-2020,FY2020,FY2020 Q3,01-03-2020,04-03-2020,202003
20200305,05-03-2020,FY2020,FY2020 Q3,01-03-2020,05-03-2020,202003
20200306,06-03-2020,FY2020,FY2020 Q3,01-03-2020,06-03-2020,202003
20200307,07-03-2020,FY2020,FY2020 Q3,01-03-2020,07-03-2020,202003
20200308,08-03-2020,FY2020,FY2020 Q3,01-03-2020,08-03-2020,202003
20200309,09-03-2020,FY2020,FY2020 Q3,01-03-2020,09-03-2020,202003
20200310,10-03-2020,FY2020,FY2020 Q3,01-03-2020,10-03-2020,202003
20200311,11-03-2020,FY2020,FY2020 Q3,01-03-2020,11-03-2020,202003
20200312,12-03-2020,FY2020,FY2020 Q3,01-03-2020,12-03-2020,202003
20200313,13-03-2020,FY2020,FY2020 Q3,01-03-2020,13-03-2020,202003
20200314,14-03-2020,FY2020,FY2020 Q3,01-03-2020,14-03-2020,202003
20200315,15-03-2020,FY2020,FY2020 Q3,01-03-2020,15-03-2020,202003
20200316,16-03-2020,FY2020,FY2020 Q3,01-03-2020,16-03-2020,202003
20200317,17-03-2020,FY2020,FY2020 Q3,01-03-2020,17-03-2020,202003
20200318,18-03-2020,FY2020,FY2020 Q3,01-03-2020,18-03-2020,202003
20200319,19-03-2020,FY2020,FY2020 Q3,01-03-2020,19-03-2020,202003
20200320,20-03-2020,FY2020,FY2020 Q3,01-03-2020,20-03-2020,202003
20200321,21-03-2020,FY2020,FY2020 Q3,01-03-2020,21-03-2020,202003
20200322,22-03-2020,FY2020,FY2020 Q3,01-03-2020,22-03-2020,202003
20200323,23-03-2020,FY2020,FY2020 Q3,01-03-2020,23-03-2020,202003
20200324,24-03-2020,FY2020,FY2020 Q3,01-03-2020,24-03-2020,202003
20200325,25-03-2020,FY2020,FY2020 Q3,01-03-2020,25-03-2020,202003
20200326,26-03-2020,FY2020,FY2020 Q3,01-03-2020,26-03-2020,202003
20200327,27-03-2020,FY2020,FY2020 Q3,01-03-2020,27-03-2020,202003
20200328,28-03-2020,FY2020,FY2020 Q3,01-03-2020,28-03-2020,202003
20200329,29-03-2020,FY2020,FY2020 Q3,01-03-2020,29-03-2020,202003
20200330,30-03-2020,FY2020,FY2020 Q3,01-03-2020,30-03-2020,202003
20200331,31-03-2020,FY2020,FY2020 Q3,01-03-2020,31-03-2020,202003
20200401,01-04-2020,FY2020,FY2020 Q4,01-04-2020,01-04-2020,202004
20200402,02-04-2020,FY2020,FY2020 Q4,01-04-2020,02-04-2020,202004
20200403,03-04-2020,FY2020,FY2020 Q4,01-04-2020,03-04-2020,202004
20200404,04-04-2020,FY2020,FY2020 Q4,01-04-2020,04-04-2020,202004
20200405,05-04-2020,FY2020,FY2020 Q4,01-04-2020,05-04-2020,202004
20200406,06-04-2020,FY2020,FY2020 Q4,01-04-2020,06-04-2020,202004
20200407,07-04-2020,FY2020,FY2020 Q4,01-04-2020,07-04-2020,202004
20200408,08-04-2020,FY2020,FY2020 Q4,01-04-2020,08-04-2020,202004
20200409,09-04-2020,FY2020,FY2020 Q4,01-04-2020,09-04-2020,202004
20200410,10-04-2020,FY2020,FY2020 Q4,01-04-2020,10-04-2020,202004
20200411,11-04-2020,FY2020,FY2020 Q4,01-04-2020,11-04-2020,202004
20200412,12-04-2020,FY2020,FY2020 Q4,01-04-2020,12-04-2020,202004
20200413,13-04-2020,FY2020,FY2020 Q4,01-04-2020,13-04-2020,202004
20200414,14-04-2020,FY2020,FY2020 Q4,01-04-2020,14-04-2020,202004
20200415,15-04-2020,FY2020,FY2020 Q4,01-04-2020,15-04-2020,202004
20200416,16-04-2020,FY2020,FY2020 Q4,01-04-2020,16-04-2020,202004
20200417,17-04-2020,FY2020,FY2020 Q4,01-04-2020,17-04-2020,202004
20200418,18-04-2020,FY2020,FY2020 Q4,01-04-2020,18-04-2020,202004
20200419,19-04-2020,FY2020,FY2020 Q4,01-04-2020,19-04-2020,202004
20200420,20-04-2020,FY2020,FY2020 Q4,01-04-2020,20-04-2020,202004
20200421,21-04-2020,FY2020,FY2020 Q4,01-04-2020,21-04-2020,202004
20200422,22-04-2020,FY2020,FY2020 Q4,01-04-2020,22-04-2020,202004
20200423,23-04-2020,FY2020,FY2020 Q4,01-04-2020,23-04-2020,202004
20200424,24-04-2020,FY2020,FY2020 Q4,01-04-2020,24-04-2020,202004
20200425,25-04-2020,FY2020,FY2020 Q4,01-04-2020,25-04-2020,202004
20200426,26-04-2020,FY2020,FY2020 Q4,01-04-2020,26-04-2020,202004
20200427,27-04-2020,FY2020,FY2020 Q4,01-04-2020,27-04-2020,202004
20200428,28-04-2020,FY2020,FY2020 Q4,01-04-2020,28-04-2020,202004
20200429,29-04-2020,FY2020,FY2020 Q4,01-04-2020,29-04-2020,202004
20200430,30-04-2020,FY2020,FY2020 Q4,01-04-2020,30-04-2020,202004
20200501,01-05-2020,FY2020,FY2020 Q4,01-05-2020,01-05-2020,202005
20200502,02-05-2020,FY2020,FY2020 Q4,01-05-2020,02-05-2020,202005
20200503,03-05-2020,FY2020,FY2020 Q4,01-05-2020,03-05-2020,202005
20200504,04-05-2020,FY2020,FY2020 Q4,01-05-2020,04-05-2020,202005
20200505,05-05-2020,FY2020,FY2020 Q4,01-05-2020,05-05-2020,202005
20200506,06-05-2020,FY2020,FY2020 Q4,01-05-2020,06-05-2020,202005
20200507,07-05-2020,FY2020,FY2020 Q4,01-05-2020,07-05-2020,202005
20200508,08-05-2020,FY2020,FY2020 Q4,01-05-2020,08-05-2020,202005
20200509,09-05-2020,FY2020,FY2020 Q4,01-05-2020,09-05-2020,202005
20200510,10-05-2020,FY2020,FY2020 Q4,01-05-2020,10-05-2020,202005
20200511,11-05-2020,FY2020,FY2020 Q4,01-05-2020,11-05-2020,202005
20200512,12-05-2020,FY2020,FY2020 Q4,01-05-2020,12-05-2020,202005
20200513,13-05-2020,FY2020,FY2020 Q4,01-05-2020,13-05-2020,202005
20200514,14-05-2020,FY2020,FY2020 Q4,01-05-2020,14-05-2020,202005
20200515,15-05-2020,FY2020,FY2020 Q4,01-05-2020,15-05-2020,202005
20200516,16-05-2020,FY2020,FY2020 Q4,01-05-2020,16-05-2020,202005
20200517,17-05-2020,FY2020,FY2020 Q4,01-05-2020,17-05-2020,202005
20200518,18-05-2020,FY2020,FY2020 Q4,01-05-2020,18-05-2020,202005
20200519,19-05-2020,FY2020,FY2020 Q4,01-05-2020,19-05-2020,202005
20200520,20-05-2020,FY2020,FY2020 Q4,01-05-2020,20-05-2020,202005
20200521,21-05-2020,FY2020,FY2020 Q4,01-05-2020,21-05-2020,202005
20200522,22-05-2020,FY2020,FY2020 Q4,01-05-2020,22-05-2020,202005
20200523,23-05-2020,FY2020,FY2020 Q4,01-05-2020,23-05-2020,202005
20200524,24-05-2020,FY2020,FY2020 Q4,01-05-2020,24-05-2020,202005
20200525,25-05-2020,FY2020,FY2020 Q4,01-05-2020,25-05-2020,202005
20200526,26-05-2020,FY2020,FY2020 Q4,01-05-2020,26-05-2020,202005
20200527,27-05-2020,FY2020,FY2020 Q4,01-05-2020,27-05-2020,202005
20200528,28-05-2020,FY2020,FY2020 Q4,01-05-2020,28-05-2020,202005
20200529,29-05-2020,FY2020,FY2020 Q4,01-05-2020,29-05-2020,202005
20200530,30-05-2020,FY2020,FY2020 Q4,01-05-2020,30-05-2020,202005
20200531,31-05-2020,FY2020,FY2020 Q4,01-05-2020,31-05-2020,202005
20200601,01-06-2020,FY2020,FY2020 Q4,01-06-2020,01-06-2020,202006
20200602,02-06-2020,FY2020,FY2020 Q4,01-06-2020,02-06-2020,202006
20200603,03-06-2020,FY2020,FY2020 Q4,01-06-2020,03-06-2020,202006
20200604,04-06-2020,FY2020,FY2020 Q4,01-06-2020,04-06-2020,202006
20200605,05-06-2020,FY2020,FY2020 Q4,01-06-2020,05-06-2020,202006
20200606,06-06-2020,FY2020,FY2020 Q4,01-06-2020,06-06-2020,202006
20200607,07-06-2020,FY2020,FY2020 Q4,01-06-2020,07-06-2020,202006
20200608,08-06-2020,FY2020,FY2020 Q4,01-06-2020,08-06-2020,202006
20200609,09-06-2020,FY2020,FY2020 Q4,01-06-2020,09-06-2020,202006
20200610,10-06-2020,FY2020,FY2020 Q4,01-06-2020,10-06-2020,202006
20200611,11-06-2020,FY2020,FY2020 Q4,01-06-2020,11-06-2020,202006
20200612,12-06-2020,FY2020,FY2020 Q4,01-06-2020,12-06-2020,202006
20200613,13-06-2020,FY2020,FY2020 Q4,01-06-2020,13-06-2020,202006
20200614,14-06-2020,FY2020,FY2020 Q4,01-06-2020,14-06-2020,202006
20200615,15-06-2020,FY2020,FY2020 Q4,01-06-2020,15-06-2020,202006
20200616,16-06-2020,FY2020,FY2020 Q4,01-06-2020,16-06-2020,202006
20200617,17-06-2020,FY2020,FY2020 Q4,01-06-2020,17-06-2020,202006
20200618,18-06-2020,FY2020,FY2020 Q4,01-06-2020,18-06-2020,202006
20200619,19-06-2020,FY2020,FY2020 Q4,01-06-2020,19-06-2020,202006
20200620,20-06-2020,FY2020,FY2020 Q4,01-06-2020,20-06-2020,202006
20200621,21-06-2020,FY2020,FY2020 Q4,01-06-2020,21-06-2020,202006
20200622,22-06-2020,FY2020,FY2020 Q4,01-06-2020,22-06-2020,202006
20200623,23-06-2020,FY2020,FY2020 Q4,01-06-2020,23-06-2020,202006
20200624,24-06-2020,FY2020,FY2020 Q4,01-06-2020,24-06-2020,202006
20200625,25-06-2020,FY2020,FY2020 Q4,01-06-2020,25-06-2020,202006
20200626,26-06-2020,FY2020,FY2020 Q4,01-06-2020,26-06-2020,202006
20200627,27-06-2020,FY2020,FY2020 Q4,01-06-2020,27-06-2020,202006
20200628,28-06-2020,FY2020,FY2020 Q4,01-06-2020,28-06-2020,202006
20200629,29-06-2020,FY2020,FY2020 Q4,01-06-2020,29-06-2020,202006
20200630,30-06-2020,FY2020,FY2020 Q4,01-06-2020,30-06-2020,202006
20200701,01-07-2020,FY2021,FY2021 Q1,01-07-2020,01-07-2020,202007
20200702,02-07-2020,FY2021,FY2021 Q1,01-07-2020,02-07-2020,202007
20200703,03-07-2020,FY2021,FY2021 Q1,01-07-2020,03-07-2020,202007
20200704,04-07-2020,FY2021,FY2021 Q1,01-07-2020,04-07-2020,202007
20200705,05-07-2020,FY2021,FY2021 Q1,01-07-2020,05-07-2020,202007
20200706,06-07-2020,FY2021,FY2021 Q1,01-07-2020,06-07-2020,202007
20200707,07-07-2020,FY2021,FY2021 Q1,01-07-2020,07-07-2020,202007
20200708,08-07-2020,FY2021,FY2021 Q1,01-07-2020,08-07-2020,202007
20200709,09-07-2020,FY2021,FY2021 Q1,01-07-2020,09-07-2020,202007
20200710,10-07-2020,FY2021,FY2021 Q1,01-07-2020,10-07-2020,202007
20200711,11-07-2020,FY2021,FY2021 Q1,01-07-2020,11-07-2020,202007
20200712,12-07-2020,FY2021,FY2021 Q1,01-07-2020,12-07-2020,202007
20200713,13-07-2020,FY2021,FY2021 Q1,01-07-2020,13-07-2020,202007
20200714,14-07-2020,FY2021,FY2021 Q1,01-07-2020,14-07-2020,202007
20200715,15-07-2020,FY2021,FY2021 Q1,01-07-2020,15-07-2020,202007
20200716,16-07-2020,FY2021,FY2021 Q1,01-07-2020,16-07-2020,202007
20200717,17-07-2020,FY2021,FY2021 Q1,01-07-2020,17-07-2020,202007
20200718,18-07-2020,FY2021,FY2021 Q1,01-07-2020,18-07-2020,202007
20200719,19-07-2020,FY2021,FY2021 Q1,01-07-2020,19-07-2020,202007
20200720,20-07-2020,FY2021,FY2021 Q1,01-07-2020,20-07-2020,202007
20200721,21-07-2020,FY2021,FY2021 Q1,01-07-2020,21-07-2020,202007
20200722,22-07-2020,FY2021,FY2021 Q1,01-07-2020,22-07-2020,202007
20200723,23-07-2020,FY2021,FY2021 Q1,01-07-2020,23-07-2020,202007
20200724,24-07-2020,FY2021,FY2021 Q1,01-07-2020,24-07-2020,202007
20200725,25-07-2020,FY2021,FY2021 Q1,01-07-2020,25-07-2020,202007
20200726,26-07-2020,FY2021,FY2021 Q1,01-07-2020,26-07-2020,202007
20200727,27-07-2020,FY2021,FY2021 Q1,01-07-2020,27-07-2020,202007
20200728,28-07-2020,FY2021,FY2021 Q1,01-07-2020,28-07-2020,202007
20200729,29-07-2020,FY2021,FY2021 Q1,01-07-2020,29-07-2020,202007
20200730,30-07-2020,FY2021,FY2021 Q1,01-07-2020,30-07-2020,202007
20200731,31-07-2020,FY2021,FY2021 Q1,01-07-2020,31-07-2020,202007
20200801,01-08-2020,FY2021,FY2021 Q1,01-08-2020,01-08-2020,202008
20200802,02-08-2020,FY2021,FY2021 Q1,01-08-2020,02-08-2020,202008
20200803,03-08-2020,FY2021,FY2021 Q1,01-08-2020,03-08-2020,202008
20200804,04-08-2020,FY2021,FY2021 Q1,01-08-2020,04-08-2020,202008
20200805,05-08-2020,FY2021,FY2021 Q1,01-08-2020,05-08-2020,202008
20200806,06-08-2020,FY2021,FY2021 Q1,01-08-2020,06-08-2020,202008
20200807,07-08-2020,FY2021,FY2021 Q1,01-08-2020,07-08-2020,202008
20200808,08-08-2020,FY2021,FY2021 Q1,01-08-2020,08-08-2020,202008
20200809,09-08-2020,FY2021,FY2021 Q1,01-08-2020,09-08-2020,202008
20200810,10-08-2020,FY2021,FY2021 Q1,01-08-2020,10-08-2020,202008
20200811,11-08-2020,FY2021,FY2021 Q1,01-08-2020,11-08-2020,202008
20200812,12-08-2020,FY2021,FY2021 Q1,01-08-2020,12-08-2020,202008
20200813,13-08-2020,FY2021,FY2021 Q1,01-08-2020,13-08-2020,202008
20200814,14-08-2020,FY2021,FY2021 Q1,01-08-2020,14-08-2020,202008
20200815,15-08-2020,FY2021,FY2021 Q1,01-08-2020,15-08-2020,202008
20200816,16-08-2020,FY2021,FY2021 Q1,01-08-2020,16-08-2020,202008
20200817,17-08-2020,FY2021,FY2021 Q1,01-08-2020,17-08-2020,202008
20200818,18-08-2020,FY2021,FY2021 Q1,01-08-2020,18-08-2020,202008
20200819,19-08-2020,FY2021,FY2021 Q1,01-08-2020,19-08-2020,202008
20200820,20-08-2020,FY2021,FY2021 Q1,01-08-2020,20-08-2020,202008
20200821,21-08-2020,FY2021,FY2021 Q1,01-08-2020,21-08-2020,202008
20200822,22-08-2020,FY2021,FY2021 Q1,01-08-2020,22-08-2020,202008
20200823,23-08-2020,FY2021,FY2021 Q1,01-08-2020,23-08-2020,202008
20200824,24-08-2020,FY2021,FY2021 Q1,01-08-2020,24-08-2020,202008
20200825,25-08-2020,FY2021,FY2021 Q1,01-08-2020,25-08-2020,202008
20200826,26-08-2020,FY2021,FY2021 Q1,01-08-2020,26-08-2020,202008
20200827,27-08-2020,FY2021,FY2021 Q1,01-08-2020,27-08-2020,202008
20200828,28-08-2020,FY2021,FY2021 Q1,01-08-2020,28-08-2020,202008
20200829,29-08-2020,FY2021,FY2021 Q1,01-08-2020,29-08-2020,202008
20200830,30-08-2020,FY2021,FY2021 Q1,01-08-2020,30-08-2020,202008
20200831,31-08-2020,FY2021,FY2021 Q1,01-08-2020,31-08-2020,202008
20200901,01-09-2020,FY2021,FY2021 Q1,01-09-2020,01-09-2020,202009
20200902,02-09-2020,FY2021,FY2021 Q1,01-09-2020,02-09-2020,202009
20200903,03-09-2020,FY2021,FY2021 Q1,01-09-2020,03-09-2020,202009
20200904,04-09-2020,FY2021,FY2021 Q1,01-09-2020,04-09-2020,202009
20200905,05-09-2020,FY2021,FY2021 Q1,01-09-2020,05-09-2020,202009
20200906,06-09-2020,FY2021,FY2021 Q1,01-09-2020,06-09-2020,202009
20200907,07-09-2020,FY2021,FY2021 Q1,01-09-2020,07-09-2020,202009
20200908,08-09-2020,FY2021,FY2021 Q1,01-09-2020,08-09-2020,202009
20200909,09-09-2020,FY2021,FY2021 Q1,01-09-2020,09-09-2020,202009
20200910,10-09-2020,FY2021,FY2021 Q1,01-09-2020,10-09-2020,202009
20200911,11-09-2020,FY2021,FY2021 Q1,01-09-2020,11-09-2020,202009
20200912,12-09-2020,FY2021,FY2021 Q1,01-09-2020,12-09-2020,202009
20200913,13-09-2020,FY2021,FY2021 Q1,01-09-2020,13-09-2020,202009
20200914,14-09-2020,FY2021,FY2021 Q1,01-09-2020,14-09-2020,202009
20200915,15-09-2020,FY2021,FY2021 Q1,01-09-2020,15-09-2020,202009
20200916,16-09-2020,FY2021,FY2021 Q1,01-09-2020,16-09-2020,202009
20200917,17-09-2020,FY2021,FY2021 Q1,01-09-2020,17-09-2020,202009
20200918,18-09-2020,FY2021,FY2021 Q1,01-09-2020,18-09-2020,202009
20200919,19-09-2020,FY2021,FY2021 Q1,01-09-2020,19-09-2020,202009
20200920,20-09-2020,FY2021,FY2021 Q1,01-09-2020,20-09-2020,202009
20200921,21-09-2020,FY2021,FY2021 Q1,01-09-2020,21-09-2020,202009
20200922,22-09-2020,FY2021,FY2021 Q1,01-09-2020,22-09-2020,202009
20200923,23-09-2020,FY2021,FY2021 Q1,01-09-2020,23-09-2020,202009
20200924,24-09-2020,FY2021,FY2021 Q1,01-09-2020,24-09-2020,202009
20200925,25-09-2020,FY2021,FY2021 Q1,01-09-2020,25-09-2020,202009
20200926,26-09-2020,FY2021,FY2021 Q1,01-09-2020,26-09-2020,202009
20200927,27-09-2020,FY2021,FY2021 Q1,01-09-2020,27-09-2020,202009
20200928,28-09-2020,FY2021,FY2021 Q1,01-09-2020,28-09-2020,202009
20200929,29-09-2020,FY2021,FY2021 Q1,01-09-2020,29-09-2020,202009
20200930,30-09-2020,FY2021,FY2021 Q1,01-09-2020,30-09-2020,202009
20201001,01-10-2020,FY2021,FY2021 Q2,01-10-2020,01-10-2020,202010
20201002,02-10-2020,FY2021,FY2021 Q2,01-10-2020,02-10-2020,202010
20201003,03-10-2020,FY2021,FY2021 Q2,01-10-2020,03-10-2020,202010
20201004,04-10-2020,FY2021,FY2021 Q2,01-10-2020,04-10-2020,202010
20201005,05-10-2020,FY2021,FY2021 Q2,01-10-2020,05-10-2020,202010
20201006,06-10-2020,FY2021,FY2021 Q2,01-10-2020,06-10-2020,202010
20201007,07-10-2020,FY2021,FY2021 Q2,01-10-2020,07-10-2020,202010
20201008,08-10-2020,FY2021,FY2021 Q2,01-10-2020,08-10-2020,202010
20201009,09-10-2020,FY2021,FY2021 Q2,01-10-2020,09-10-2020,202010
20201010,10-10-2020,FY2021,FY2021 Q2,01-10-2020,10-10-2020,202010
20201011,11-10-2020,FY2021,FY2021 Q2,01-10-2020,11-10-2020,202010
20201012,12-10-2020,FY2021,FY2021 Q2,01-10-2020,12-10-2020,202010
20201013,13-10-2020,FY2021,FY2021 Q2,01-10-2020,13-10-2020,202010
20201014,14-10-2020,FY2021,FY2021 Q2,01-10-2020,14-10-2020,202010
20201015,15-10-2020,FY2021,FY2021 Q2,01-10-2020,15-10-2020,202010
20201016,16-10-2020,FY2021,FY2021 Q2,01-10-2020,16-10-2020,202010
20201017,17-10-2020,FY2021,FY2021 Q2,01-10-2020,17-10-2020,202010
20201018,18-10-2020,FY2021,FY2021 Q2,01-10-2020,18-10-2020,202010
20201019,19-10-2020,FY2021,FY2021 Q2,01-10-2020,19-10-2020,202010
20201020,20-10-2020,FY2021,FY2021 Q2,01-10-2020,20-10-2020,202010
20201021,21-10-2020,FY2021,FY2021 Q2,01-10-2020,21-10-2020,202010
20201022,22-10-2020,FY2021,FY2021 Q2,01-10-2020,22-10-2020,202010
20201023,23-10-2020,FY2021,FY2021 Q2,01-10-2020,23-10-2020,202010
20201024,24-10-2020,FY2021,FY2021 Q2,01-10-2020,24-10-2020,202010
20201025,25-10-2020,FY2021,FY2021 Q2,01-10-2020,25-10-2020,202010
20201026,26-10-2020,FY2021,FY2021 Q2,01-10-2020,26-10-2020,202010
20201027,27-10-2020,FY2021,FY2021 Q2,01-10-2020,27-10-2020,202010
20201028,28-10-2020,FY2021,FY2021 Q2,01-10-2020,28-10-2020,202010
20201029,29-10-2020,FY2021,FY2021 Q2,01-10-2020,29-10-2020,202010
20201030,30-10-2020,FY2021,FY2021 Q2,01-10-2020,30-10-2020,202010
20201031,31-10-2020,FY2021,FY2021 Q2,01-10-2020,31-10-2020,202010
20201101,01-11-2020,FY2021,FY2021 Q2,01-11-2020,01-11-2020,202011
20201102,02-11-2020,FY2021,FY2021 Q2,01-11-2020,02-11-2020,202011
20201103,03-11-2020,FY2021,FY2021 Q2,01-11-2020,03-11-2020,202011
20201104,04-11-2020,FY2021,FY2021 Q2,01-11-2020,04-11-2020,202011
20201105,05-11-2020,FY2021,FY2021 Q2,01-11-2020,05-11-2020,202011
20201106,06-11-2020,FY2021,FY2021 Q2,01-11-2020,06-11-2020,202011
20201107,07-11-2020,FY2021,FY2021 Q2,01-11-2020,07-11-2020,202011
20201108,08-11-2020,FY2021,FY2021 Q2,01-11-2020,08-11-2020,202011
20201109,09-11-2020,FY2021,FY2021 Q2,01-11-2020,09-11-2020,202011
20201110,10-11-2020,FY2021,FY2021 Q2,01-11-2020,10-11-2020,202011
20201111,11-11-2020,FY2021,FY2021 Q2,01-11-2020,11-11-2020,202011
20201112,12-11-2020,FY2021,FY2021 Q2,01-11-2020,12-11-2020,202011
20201113,13-11-2020,FY2021,FY2021 Q2,01-11-2020,13-11-2020,202011
20201114,14-11-2020,FY2021,FY2021 Q2,01-11-2020,14-11-2020,202011
20201115,15-11-2020,FY2021,FY2021 Q2,01-11-2020,15-11-2020,202011
20201116,16-11-2020,FY2021,FY2021 Q2,01-11-2020,16-11-2020,202011
20201117,17-11-2020,FY2021,FY2021 Q2,01-11-2020,17-11-2020,202011
20201118,18-11-2020,FY2021,FY2021 Q2,01-11-2020,18-11-2020,202011
20201119,19-11-2020,FY2021,FY2021 Q2,01-11-2020,19-11-2020,202011
20201120,20-11-2020,FY2021,FY2021 Q2,01-11-2020,20-11-2020,202011
20201121,21-11-2020,FY2021,FY2021 Q2,01-11-2020,21-11-2020,202011
20201122,22-11-2020,FY2021,FY2021 Q2,01-11-2020,22-11-2020,202011
20201123,23-11-2020,FY2021,FY2021 Q2,01-11-2020,23-11-2020,202011
20201124,24-11-2020,FY2021,FY2021 Q2,01-11-2020,24-11-2020,202011
20201125,25-11-2020,FY2021,FY2021 Q2,01-11-2020,25-11-2020,202011
20201126,26-11-2020,FY2021,FY2021 Q2,01-11-2020,26-11-2020,202011
20201127,27-11-2020,FY2021,FY2021 Q2,01-11-2020,27-11-2020,202011
20201128,28-11-2020,FY2021,FY2021 Q2,01-11-2020,28-11-2020,202011
20201129,29-11-2020,FY2021,FY2021 Q2,01-11-2020,29-11-2020,202011
20201130,30-11-2020,FY2021,FY2021 Q2,01-11-2020,30-11-2020,202011
20201201,01-12-2020,FY2021,FY2021 Q2,01-12-2020,01-12-2020,202012
20201202,02-12-2020,FY2021,FY2021 Q2,01-12-2020,02-12-2020,202012
20201203,03-12-2020,FY2021,FY2021 Q2,01-12-2020,03-12-2020,202012
20201204,04-12-2020,FY2021,FY2021 Q2,01-12-2020,04-12-2020,202012
20201205,05-12-2020,FY2021,FY2021 Q2,01-12-2020,05-12-2020,202012
20201206,06-12-2020,FY2021,FY2021 Q2,01-12-2020,06-12-2020,202012
20201207,07-12-2020,FY2021,FY2021 Q2,01-12-2020,07-12-2020,202012
20201208,08-12-2020,FY2021,FY2021 Q2,01-12-2020,08-12-2020,202012
20201209,09-12-2020,FY2021,FY2021 Q2,01-12-2020,09-12-2020,202012
20201210,10-12-2020,FY2021,FY2021 Q2,01-12-2020,10-12-2020,202012
20201211,11-12-2020,FY2021,FY2021 Q2,01-12-2020,11-12-2020,202012
20201212,12-12-2020,FY2021,FY2021 Q2,01-12-2020,12-12-2020,202012
20201213,13-12-2020,FY2021,FY2021 Q2,01-12-2020,13-12-2020,202012
20201214,14-12-2020,FY2021,FY2021 Q2,01-12-2020,14-12-2020,202012
20201215,15-12-2020,FY2021,FY2021 Q2,01-12-2020,15-12-2020,202012
20201216,16-12-2020,FY2021,FY2021 Q2,01-12-2020,16-12-2020,202012
20201217,17-12-2020,FY2021,FY2021 Q2,01-12-2020,17-12-2020,202012
20201218,18-12-2020,FY2021,FY2021 Q2,01-12-2020,18-12-2020,202012
20201219,19-12-2020,FY2021,FY2021 Q2,01-12-2020,19-12-2020,202012
20201220,20-12-2020,FY2021,FY2021 Q2,01-12-2020,20-12-2020,202012
20201221,21-12-2020,FY2021,FY2021 Q2,01-12-2020,21-12-2020,202012
20201222,22-12-2020,FY2021,FY2021 Q2,01-12-2020,22-12-2020,202012
20201223,23-12-2020,FY2021,FY2021 Q2,01-12-2020,23-12-2020,202012
20201224,24-12-2020,FY2021,FY2021 Q2,01-12-2020,24-12-2020,202012
20201225,25-12-2020,FY2021,FY2021 Q2,01-12-2020,25-12-2020,202012
20201226,26-12-2020,FY2021,FY2021 Q2,01-12-2020,26-12-2020,202012
20201227,27-12-2020,FY2021,FY2021 Q2,01-12-2020,27-12-2020,202012
20201228,28-12-2020,FY2021,FY2021 Q2,01-12-2020,28-12-2020,202012
20201229,29-12-2020,FY2021,FY2021 Q2,01-12-2020,29-12-2020,202012
20201230,30-12-2020,FY2021,FY2021 Q2,01-12-2020,30-12-2020,202012
20201231,31-12-2020,FY2021,FY2021 Q2,01-12-2020,31-12-2020,202012
20210101,01-01-2021,FY2021,FY2021 Q3,01-01-2021,01-01-2021,202101
20210102,02-01-2021,FY2021,FY2021 Q3,01-01-2021,02-01-2021,202101
20210103,03-01-2021,FY2021,FY2021 Q3,01-01-2021,03-01-2021,202101
20210104,04-01-2021,FY2021,FY2021 Q3,01-01-2021,04-01-2021,202101
20210105,05-01-2021,FY2021,FY2021 Q3,01-01-2021,05-01-2021,202101
20210106,06-01-2021,FY2021,FY2021 Q3,01-01-2021,06-01-2021,202101
20210107,07-01-2021,FY2021,FY2021 Q3,01-01-2021,07-01-2021,202101
20210108,08-01-2021,FY2021,FY2021 Q3,01-01-2021,08-01-2021,202101
20210109,09-01-2021,FY2021,FY2021 Q3,01-01-2021,09-01-2021,202101
20210110,10-01-2021,FY2021,FY2021 Q3,01-01-2021,10-01-2021,202101
20210111,11-01-2021,FY2021,FY2021 Q3,01-01-2021,11-01-2021,202101
20210112,12-01-2021,FY2021,FY2021 Q3,01-01-2021,12-01-2021,202101
20210113,13-01-2021,FY2021,FY2021 Q3,01-01-2021,13-01-2021,202101
20210114,14-01-2021,FY2021,FY2021 Q3,01-01-2021,14-01-2021,202101
20210115,15-01-2021,FY2021,FY2021 Q3,01-01-2021,15-01-2021,202101
20210116,16-01-2021,FY2021,FY2021 Q3,01-01-2021,16-01-2021,202101
20210117,17-01-2021,FY2021,FY2021 Q3,01-01-2021,17-01-2021,202101
20210118,18-01-2021,FY2021,FY2021 Q3,01-01-2021,18-01-2021,202101
20210119,19-01-2021,FY2021,FY2021 Q3,01-01-2021,19-01-2021,202101
20210120,20-01-2021,FY2021,FY2021 Q3,01-01-2021,20-01-2021,202101
20210121,21-01-2021,FY2021,FY2021 Q3,01-01-2021,21-01-2021,202101
20210122,22-01-2021,FY2021,FY2021 Q3,01-01-2021,22-01-2021,202101
20210123,23-01-2021,FY2021,FY2021 Q3,01-01-2021,23-01-2021,202101
20210124,24-01-2021,FY2021,FY2021 Q3,01-01-2021,24-01-2021,202101
20210125,25-01-2021,FY2021,FY2021 Q3,01-01-2021,25-01-2021,202101
20210126,26-01-2021,FY2021,FY2021 Q3,01-01-2021,26-01-2021,202101
20210127,27-01-2021,FY2021,FY2021 Q3,01-01-2021,27-01-2021,202101
20210128,28-01-2021,FY2021,FY2021 Q3,01-01-2021,28-01-2021,202101
20210129,29-01-2021,FY2021,FY2021 Q3,01-01-2021,29-01-2021,202101
20210130,30-01-2021,FY2021,FY2021 Q3,01-01-2021,30-01-2021,202101
20210131,31-01-2021,FY2021,FY2021 Q3,01-01-2021,31-01-2021,202101
20210201,01-02-2021,FY2021,FY2021 Q3,01-02-2021,01-02-2021,202102
20210202,02-02-2021,FY2021,FY2021 Q3,01-02-2021,02-02-2021,202102
20210203,03-02-2021,FY2021,FY2021 Q3,01-02-2021,03-02-2021,202102
20210204,04-02-2021,FY2021,FY2021 Q3,01-02-2021,04-02-2021,202102
20210205,05-02-2021,FY2021,FY2021 Q3,01-02-2021,05-02-2021,202102
20210206,06-02-2021,FY2021,FY2021 Q3,01-02-2021,06-02-2021,202102
20210207,07-02-2021,FY2021,FY2021 Q3,01-02-2021,07-02-2021,202102
20210208,08-02-2021,FY2021,FY2021 Q3,01-02-2021,08-02-2021,202102
20210209,09-02-2021,FY2021,FY2021 Q3,01-02-2021,09-02-2021,202102
20210210,10-02-2021,FY2021,FY2021 Q3,01-02-2021,10-02-2021,202102
20210211,11-02-2021,FY2021,FY2021 Q3,01-02-2021,11-02-2021,202102
20210212,12-02-2021,FY2021,FY2021 Q3,01-02-2021,12-02-2021,202102
20210213,13-02-2021,FY2021,FY2021 Q3,01-02-2021,13-02-2021,202102
20210214,14-02-2021,FY2021,FY2021 Q3,01-02-2021,14-02-2021,202102
20210215,15-02-2021,FY2021,FY2021 Q3,01-02-2021,15-02-2021,202102
20210216,16-02-2021,FY2021,FY2021 Q3,01-02-2021,16-02-2021,202102
20210217,17-02-2021,FY2021,FY2021 Q3,01-02-2021,17-02-2021,202102
20210218,18-02-2021,FY2021,FY2021 Q3,01-02-2021,18-02-2021,202102
20210219,19-02-2021,FY2021,FY2021 Q3,01-02-2021,19-02-2021,202102
20210220,20-02-2021,FY2021,FY2021 Q3,01-02-2021,20-02-2021,202102
20210221,21-02-2021,FY2021,FY2021 Q3,01-02-2021,21-02-2021,202102
20210222,22-02-2021,FY2021,FY2021 Q3,01-02-2021,22-02-2021,202102
20210223,23-02-2021,FY2021,FY2021 Q3,01-02-2021,23-02-2021,202102
20210224,24-02-2021,FY2021,FY2021 Q3,01-02-2021,24-02-2021,202102
20210225,25-02-2021,FY2021,FY2021 Q3,01-02-2021,25-02-2021,202102
20210226,26-02-2021,FY2021,FY2021 Q3,01-02-2021,26-02-2021,202102
20210227,27-02-2021,FY2021,FY2021 Q3,01-02-2021,27-02-2021,202102
20210228,28-02-2021,FY2021,FY2021 Q3,01-02-2021,28-02-2021,202102
20210301,01-03-2021,FY2021,FY2021 Q3,01-03-2021,01-03-2021,202103
20210302,02-03-2021,FY2021,FY2021 Q3,01-03-2021,02-03-2021,202103
20210303,03-03-2021,FY2021,FY2021 Q3,01-03-2021,03-03-2021,202103
20210304,04-03-2021,FY2021,FY2021 Q3,01-03-2021,04-03-2021,202103
20210305,05-03-2021,FY2021,FY2021 Q3,01-03-2021,05-03-2021,202103
20210306,06-03-2021,FY2021,FY2021 Q3,01-03-2021,06-03-2021,202103
20210307,07-03-2021,FY2021,FY2021 Q3,01-03-2021,07-03-2021,202103
20210308,08-03-2021,FY2021,FY2021 Q3,01-03-2021,08-03-2021,202103
20210309,09-03-2021,FY2021,FY2021 Q3,01-03-2021,09-03-2021,202103
20210310,10-03-2021,FY2021,FY2021 Q3,01-03-2021,10-03-2021,202103
20210311,11-03-2021,FY2021,FY2021 Q3,01-03-2021,11-03-2021,202103
20210312,12-03-2021,FY2021,FY2021 Q3,01-03-2021,12-03-2021,202103
20210313,13-03-2021,FY2021,FY2021 Q3,01-03-2021,13-03-2021,202103
20210314,14-03-2021,FY2021,FY2021 Q3,01-03-2021,14-03-2021,202103
20210315,15-03-2021,FY2021,FY2021 Q3,01-03-2021,15-03-2021,202103
20210316,16-03-2021,FY2021,FY2021 Q3,01-03-2021,16-03-2021,202103
20210317,17-03-2021,FY2021,FY2021 Q3,01-03-2021,17-03-2021,202103
20210318,18-03-2021,FY2021,FY2021 Q3,01-03-2021,18-03-2021,202103
20210319,19-03-2021,FY2021,FY2021 Q3,01-03-2021,19-03-2021,202103
20210320,20-03-2021,FY2021,FY2021 Q3,01-03-2021,20-03-2021,202103
20210321,21-03-2021,FY2021,FY2021 Q3,01-03-2021,21-03-2021,202103
20210322,22-03-2021,FY2021,FY2021 Q3,01-03-2021,22-03-2021,202103
20210323,23-03-2021,FY2021,FY2021 Q3,01-03-2021,23-03-2021,202103
20210324,24-03-2021,FY2021,FY2021 Q3,01-03-2021,24-03-2021,202103
20210325,25-03-2021,FY2021,FY2021 Q3,01-03-2021,25-03-2021,202103
20210326,26-03-2021,FY2021,FY2021 Q3,01-03-2021,26-03-2021,202103
20210327,27-03-2021,FY2021,FY2021 Q3,01-03-2021,27-03-2021,202103
20210328,28-03-2021,FY2021,FY2021 Q3,01-03-2021,28-03-2021,202103
20210329,29-03-2021,FY2021,FY2021 Q3,01-03-2021,29-03-2021,202103
20210330,30-03-2021,FY2021,FY2021 Q3,01-03-2021,30-03-2021,202103
20210331,31-03-2021,FY2021,FY2021 Q3,01-03-2021,31-03-2021,202103
20210401,01-04-2021,FY2021,FY2021 Q4,01-04-2021,01-04-2021,202104
20210402,02-04-2021,FY2021,FY2021 Q4,01-04-2021,02-04-2021,202104
20210403,03-04-2021,FY2021,FY2021 Q4,01-04-2021,03-04-2021,202104
20210404,04-04-2021,FY2021,FY2021 Q4,01-04-2021,04-04-2021,202104
20210405,05-04-2021,FY2021,FY2021 Q4,01-04-2021,05-04-2021,202104
20210406,06-04-2021,FY2021,FY2021 Q4,01-04-2021,06-04-2021,202104
20210407,07-04-2021,FY2021,FY2021 Q4,01-04-2021,07-04-2021,202104
20210408,08-04-2021,FY2021,FY2021 Q4,01-04-2021,08-04-2021,202104
20210409,09-04-2021,FY2021,FY2021 Q4,01-04-2021,09-04-2021,202104
20210410,10-04-2021,FY2021,FY2021 Q4,01-04-2021,10-04-2021,202104
20210411,11-04-2021,FY2021,FY2021 Q4,01-04-2021,11-04-2021,202104
20210412,12-04-2021,FY2021,FY2021 Q4,01-04-2021,12-04-2021,202104
20210413,13-04-2021,FY2021,FY2021 Q4,01-04-2021,13-04-2021,202104
20210414,14-04-2021,FY2021,FY2021 Q4,01-04-2021,14-04-2021,202104
20210415,15-04-2021,FY2021,FY2021 Q4,01-04-2021,15-04-2021,202104
20210416,16-04-2021,FY2021,FY2021 Q4,01-04-2021,16-04-2021,202104
20210417,17-04-2021,FY2021,FY2021 Q4,01-04-2021,17-04-2021,202104
20210418,18-04-2021,FY2021,FY2021 Q4,01-04-2021,18-04-2021,202104
20210419,19-04-2021,FY2021,FY2021 Q4,01-04-2021,19-04-2021,202104
20210420,20-04-2021,FY2021,FY2021 Q4,01-04-2021,20-04-2021,202104
20210421,21-04-2021,FY2021,FY2021 Q4,01-04-2021,21-04-2021,202104
20210422,22-04-2021,FY2021,FY2021 Q4,01-04-2021,22-04-2021,202104
20210423,23-04-2021,FY2021,FY2021 Q4,01-04-2021,23-04-2021,202104
20210424,24-04-2021,FY2021,FY2021 Q4,01-04-2021,24-04-2021,202104
20210425,25-04-2021,FY2021,FY2021 Q4,01-04-2021,25-04-2021,202104
20210426,26-04-2021,FY2021,FY2021 Q4,01-04-2021,26-04-2021,202104
20210427,27-04-2021,FY2021,FY2021 Q4,01-04-2021,27-04-2021,202104
20210428,28-04-2021,FY2021,FY2021 Q4,01-04-2021,28-04-2021,202104
20210429,29-04-2021,FY2021,FY2021 Q4,01-04-2021,29-04-2021,202104
20210430,30-04-2021,FY2021,FY2021 Q4,01-04-2021,30-04-2021,202104
20210501,01-05-2021,FY2021,FY2021 Q4,01-05-2021,01-05-2021,202105
20210502,02-05-2021,FY2021,FY2021 Q4,01-05-2021,02-05-2021,202105
20210503,03-05-2021,FY2021,FY2021 Q4,01-05-2021,03-05-2021,202105
20210504,04-05-2021,FY2021,FY2021 Q4,01-05-2021,04-05-2021,202105
20210505,05-05-2021,FY2021,FY2021 Q4,01-05-2021,05-05-2021,202105
20210506,06-05-2021,FY2021,FY2021 Q4,01-05-2021,06-05-2021,202105
20210507,07-05-2021,FY2021,FY2021 Q4,01-05-2021,07-05-2021,202105
20210508,08-05-2021,FY2021,FY2021 Q4,01-05-2021,08-05-2021,202105
20210509,09-05-2021,FY2021,FY2021 Q4,01-05-2021,09-05-2021,202105
20210510,10-05-2021,FY2021,FY2021 Q4,01-05-2021,10-05-2021,202105
20210511,11-05-2021,FY2021,FY2021 Q4,01-05-2021,11-05-2021,202105
20210512,12-05-2021,FY2021,FY2021 Q4,01-05-2021,12-05-2021,202105
20210513,13-05-2021,FY2021,FY2021 Q4,01-05-2021,13-05-2021,202105
20210514,14-05-2021,FY2021,FY2021 Q4,01-05-2021,14-05-2021,202105
20210515,15-05-2021,FY2021,FY2021 Q4,01-05-2021,15-05-2021,202105
20210516,16-05-2021,FY2021,FY2021 Q4,01-05-2021,16-05-2021,202105
20210517,17-05-2021,FY2021,FY2021 Q4,01-05-2021,17-05-2021,202105
20210518,18-05-2021,FY2021,FY2021 Q4,01-05-2021,18-05-2021,202105
20210519,19-05-2021,FY2021,FY2021 Q4,01-05-2021,19-05-2021,202105
20210520,20-05-2021,FY2021,FY2021 Q4,01-05-2021,20-05-2021,202105
20210521,21-05-2021,FY2021,FY2021 Q4,01-05-2021,21-05-2021,202105
20210522,22-05-2021,FY2021,FY2021 Q4,01-05-2021,22-05-2021,202105
20210523,23-05-2021,FY2021,FY2021 Q4,01-05-2021,23-05-2021,202105
20210524,24-05-2021,FY2021,FY2021 Q4,01-05-2021,24-05-2021,202105
20210525,25-05-2021,FY2021,FY2021 Q4,01-05-2021,25-05-2021,202105
20210526,26-05-2021,FY2021,FY2021 Q4,01-05-2021,26-05-2021,202105
20210527,27-05-2021,FY2021,FY2021 Q4,01-05-2021,27-05-2021,202105
20210528,28-05-2021,FY2021,FY2021 Q4,01-05-2021,28-05-2021,202105
20210529,29-05-2021,FY2021,FY2021 Q4,01-05-2021,29-05-2021,202105
20210530,30-05-2021,FY2021,FY2021 Q4,01-05-2021,30-05-2021,202105
20210531,31-05-2021,FY2021,FY2021 Q4,01-05-2021,31-05-2021,202105
20210601,01-06-2021,FY2021,FY2021 Q4,01-06-2021,01-06-2021,202106
20210602,02-06-2021,FY2021,FY2021 Q4,01-06-2021,02-06-2021,202106
20210603,03-06-2021,FY2021,FY2021 Q4,01-06-2021,03-06-2021,202106
20210604,04-06-2021,FY2021,FY2021 Q4,01-06-2021,04-06-2021,202106
20210605,05-06-2021,FY2021,FY2021 Q4,01-06-2021,05-06-2021,202106
20210606,06-06-2021,FY2021,FY2021 Q4,01-06-2021,06-06-2021,202106
20210607,07-06-2021,FY2021,FY2021 Q4,01-06-2021,07-06-2021,202106
20210608,08-06-2021,FY2021,FY2021 Q4,01-06-2021,08-06-2021,202106
20210609,09-06-2021,FY2021,FY2021 Q4,01-06-2021,09-06-2021,202106
20210610,10-06-2021,FY2021,FY2021 Q4,01-06-2021,10-06-2021,202106
20210611,11-06-2021,FY2021,FY2021 Q4,01-06-2021,11-06-2021,202106
20210612,12-06-2021,FY2021,FY2021 Q4,01-06-2021,12-06-2021,202106
20210613,13-06-2021,FY2021,FY2021 Q4,01-06-2021,13-06-2021,202106
20210614,14-06-2021,FY2021,FY2021 Q4,01-06-2021,14-06-2021,202106
20210615,15-06-2021,FY2021,FY2021 Q4,01-06-2021,15-06-2021,202106
20210616,16-06-2021,FY2021,FY2021 Q4,01-06-2021,16-06-2021,202106
20210617,17-06-2021,FY2021,FY2021 Q4,01-06-2021,17-06-2021,202106
20210618,18-06-2021,FY2021,FY2021 Q4,01-06-2021,18-06-2021,202106
20210619,19-06-2021,FY2021,FY2021 Q4,01-06-2021,19-06-2021,202106
20210620,20-06-2021,FY2021,FY2021 Q4,01-06-2021,20-06-2021,202106
20210621,21-06-2021,FY2021,FY2021 Q4,01-06-2021,21-06-2021,202106
20210622,22-06-2021,FY2021,FY2021 Q4,01-06-2021,22-06-2021,202106
20210623,23-06-2021,FY2021,FY2021 Q4,01-06-2021,23-06-2021,202106
20210624,24-06-2021,FY2021,FY2021 Q4,01-06-2021,24-06-2021,202106
20210625,25-06-2021,FY2021,FY2021 Q4,01-06-2021,25-06-2021,202106
20210626,26-06-2021,FY2021,FY2021 Q4,01-06-2021,26-06-2021,202106
20210627,27-06-2021,FY2021,FY2021 Q4,01-06-2021,27-06-2021,202106
20210628,28-06-2021,FY2021,FY2021 Q4,01-06-2021,28-06-2021,202106
20210629,29-06-2021,FY2021,FY2021 Q4,01-06-2021,29-06-2021,202106
20210630,30-06-2021,FY2021,FY2021 Q4,01-06-2021,30-06-2021,202106
